INFO:    Converting OCI blobs to SIF format
INFO:    Starting build...
Getting image source signatures
Copying blob sha256:7bf5cd8e9a0e3bfbbdd2f891e5cba8f8d430615316a630531286bc8ca77bc1d3
Copying blob sha256:8efb0594d0391c87218dbb16fac734c380589a09c7f1205e85a9b6fbfdba23f5
Copying blob sha256:6dcb5e2d365be087bfb1ae69b61cb3634c3e8ddf3ea9194219e8afc44d4b1f5a
Copying blob sha256:004430d33e64d91bb1bea4f540362173e293531de8174678baf3a9743d5255ea
Copying blob sha256:dd6f9fb1ad63b5c42020e8ea18cd4f24e05e145cb689955f0a9276c542676f58
Copying blob sha256:5a7813e071bfadf18aaa6ca8318be4824a9b6297b3240f2cc84c1db6f4113040
Copying blob sha256:4f4fb700ef54461cfa02571ae0db9a0dc1e0cdb5577484a6d75e68dc38e8acc1
Copying blob sha256:3c5b9dbb8f637838a9004a8af7ec95331db0c6de179d82439ef329e90828bc08
Copying blob sha256:0871bf9e9b8c7efe4cd45d725a0a33672e2090b185253d9950c6ae7e2f3dc450
Copying blob sha256:55f0d7b82b5d0838b8815722e2e938f79f632d49c5b9f5d157e68e564d438ce6
Copying blob sha256:03e859ade5ec930cd4957134d4319331faf9fa2ff427b7e4b71f3ce7e1fdfc42
Copying blob sha256:c5721cfc1b05110acde0c172e1279b9c499f71f4812f250a41ec85cf43cb764b
Copying config sha256:233eec72bb79f226ad6f0d5566ca44b8d9e8159c47dee79f01d893cb21f8b205
Writing manifest to image destination
Storing signatures
2026/10/02 11:39:33  info unpack layer: sha256:5a7813e071bfadf18aaa6ca8318be4824a9b6297b3240f2cc84c1db6f4113040
2026/10/02 11:39:37  warn xattr{etc/gshadow} ignoring ENOTSUP on setxattr "user.rootlesscontainers"
2026/10/02 11:39:37  warn xattr{/scratch/roy.suc/apptainer-tmp/10760568/build-temp-1670906572/rootfs/etc/gshadow} destination filesystem does not support xattrs, further warnings will be suppressed
2026/10/02 11:41:30  info unpack layer: sha256:8efb0594d0391c87218dbb16fac734c380589a09c7f1205e85a9b6fbfdba23f5
2026/10/02 11:41:30  info unpack layer: sha256:004430d33e64d91bb1bea4f540362173e293531de8174678baf3a9743d5255ea
2026/10/02 11:41:30  info unpack layer: sha256:6dcb5e2d365be087bfb1ae69b61cb3634c3e8ddf3ea9194219e8afc44d4b1f5a
2026/10/02 11:41:30  info unpack layer: sha256:dd6f9fb1ad63b5c42020e8ea18cd4f24e05e145cb689955f0a9276c542676f58
2026/10/02 11:41:30  info unpack layer: sha256:7bf5cd8e9a0e3bfbbdd2f891e5cba8f8d430615316a630531286bc8ca77bc1d3
2026/10/02 11:41:31  warn xattr{etc/gshadow} ignoring ENOTSUP on setxattr "user.rootlesscontainers"
2026/10/02 11:41:31  warn xattr{/scratch/roy.suc/apptainer-tmp/10760568/build-temp-1670906572/rootfs/etc/gshadow} destination filesystem does not support xattrs, further warnings will be suppressed
2026/10/02 11:41:32  info unpack layer: sha256:4f4fb700ef54461cfa02571ae0db9a0dc1e0cdb5577484a6d75e68dc38e8acc1
2026/10/02 11:41:32  info unpack layer: sha256:3c5b9dbb8f637838a9004a8af7ec95331db0c6de179d82439ef329e90828bc08
2026/10/02 11:41:32  info unpack layer: sha256:0871bf9e9b8c7efe4cd45d725a0a33672e2090b185253d9950c6ae7e2f3dc450
2026/10/02 11:41:32  info unpack layer: sha256:55f0d7b82b5d0838b8815722e2e938f79f632d49c5b9f5d157e68e564d438ce6
2026/10/02 11:41:32  info unpack layer: sha256:03e859ade5ec930cd4957134d4319331faf9fa2ff427b7e4b71f3ce7e1fdfc42
2026/10/02 11:41:32  warn xattr{tmp/variant-env.yml} ignoring ENOTSUP on setxattr "user.rootlesscontainers"
2026/10/02 11:41:32  warn xattr{/scratch/roy.suc/apptainer-tmp/10760568/build-temp-1670906572/rootfs/tmp/variant-env.yml} destination filesystem does not support xattrs, further warnings will be suppressed
2026/10/02 11:41:32  info unpack layer: sha256:c5721cfc1b05110acde0c172e1279b9c499f71f4812f250a41ec85cf43cb764b
2026/10/02 11:41:32  warn xattr{home/mambauser} ignoring ENOTSUP on setxattr "user.rootlesscontainers"
2026/10/02 11:41:32  warn xattr{/scratch/roy.suc/apptainer-tmp/10760568/build-temp-1670906572/rootfs/home/mambauser} destination filesystem does not support xattrs, further warnings will be suppressed
2026/10/02 11:41:32  warn rootless{opt/conda/bin/2to3} ignoring (usually) harmless EPERM on setxattr "user.rootlesscontainers"
2026/10/02 11:41:36  warn rootless{opt/conda/bin/bzcmp} ignoring (usually) harmless EPERM on setxattr "user.rootlesscontainers"
2026/10/02 11:41:36  warn rootless{opt/conda/bin/bzegrep} ignoring (usually) harmless EPERM on setxattr "user.rootlesscontainers"
2026/10/02 11:41:36  warn rootless{opt/conda/bin/bzfgrep} ignoring (usually) harmless EPERM on setxattr "user.rootlesscontainers"
2026/10/02 11:41:36  warn rootless{opt/conda/bin/bzless} ignoring (usually) harmless EPERM on setxattr "user.rootlesscontainers"
2026/10/02 11:41:36  warn rootless{opt/conda/bin/captoinfo} ignoring (usually) harmless EPERM on setxattr "user.rootlesscontainers"
2026/10/02 11:41:37  warn rootless{opt/conda/bin/fastqc} ignoring (usually) harmless EPERM on setxattr "user.rootlesscontainers"
2026/10/02 11:41:37  warn rootless{opt/conda/bin/gatk} ignoring (usually) harmless EPERM on setxattr "user.rootlesscontainers"
2026/10/02 11:41:38  warn rootless{opt/conda/bin/git-receive-pack} ignoring (usually) harmless EPERM on setxattr "user.rootlesscontainers"
2026/10/02 11:41:38  warn rootless{opt/conda/bin/git-upload-archive} ignoring (usually) harmless EPERM on setxattr "user.rootlesscontainers"
2026/10/02 11:41:38  warn rootless{opt/conda/bin/git-upload-pack} ignoring (usually) harmless EPERM on setxattr "user.rootlesscontainers"
2026/10/02 11:41:39  warn rootless{opt/conda/bin/idle3} ignoring (usually) harmless EPERM on setxattr "user.rootlesscontainers"
2026/10/02 11:41:39  warn rootless{opt/conda/bin/infotocap} ignoring (usually) harmless EPERM on setxattr "user.rootlesscontainers"
2026/10/02 11:41:39  warn rootless{opt/conda/bin/jar} ignoring (usually) harmless EPERM on setxattr "user.rootlesscontainers"
2026/10/02 11:41:39  warn rootless{opt/conda/bin/jarsigner} ignoring (usually) harmless EPERM on setxattr "user.rootlesscontainers"
2026/10/02 11:41:39  warn rootless{opt/conda/bin/java} ignoring (usually) harmless EPERM on setxattr "user.rootlesscontainers"
2026/10/02 11:41:39  warn rootless{opt/conda/bin/javac} ignoring (usually) harmless EPERM on setxattr "user.rootlesscontainers"
2026/10/02 11:41:39  warn rootless{opt/conda/bin/javadoc} ignoring (usually) harmless EPERM on setxattr "user.rootlesscontainers"
2026/10/02 11:41:39  warn rootless{opt/conda/bin/javap} ignoring (usually) harmless EPERM on setxattr "user.rootlesscontainers"
2026/10/02 11:41:39  warn rootless{opt/conda/bin/jcmd} ignoring (usually) harmless EPERM on setxattr "user.rootlesscontainers"
2026/10/02 11:41:40  warn rootless{opt/conda/bin/jconsole} ignoring (usually) harmless EPERM on setxattr "user.rootlesscontainers"
2026/10/02 11:41:40  warn rootless{opt/conda/bin/jdb} ignoring (usually) harmless EPERM on setxattr "user.rootlesscontainers"
2026/10/02 11:41:40  warn rootless{opt/conda/bin/jdeprscan} ignoring (usually) harmless EPERM on setxattr "user.rootlesscontainers"
2026/10/02 11:41:40  warn rootless{opt/conda/bin/jdeps} ignoring (usually) harmless EPERM on setxattr "user.rootlesscontainers"
2026/10/02 11:41:40  warn rootless{opt/conda/bin/jfr} ignoring (usually) harmless EPERM on setxattr "user.rootlesscontainers"
2026/10/02 11:41:40  warn rootless{opt/conda/bin/jhsdb} ignoring (usually) harmless EPERM on setxattr "user.rootlesscontainers"
2026/10/02 11:41:40  warn rootless{opt/conda/bin/jimage} ignoring (usually) harmless EPERM on setxattr "user.rootlesscontainers"
2026/10/02 11:41:40  warn rootless{opt/conda/bin/jinfo} ignoring (usually) harmless EPERM on setxattr "user.rootlesscontainers"
2026/10/02 11:41:40  warn rootless{opt/conda/bin/jlink} ignoring (usually) harmless EPERM on setxattr "user.rootlesscontainers"
2026/10/02 11:41:40  warn rootless{opt/conda/bin/jmap} ignoring (usually) harmless EPERM on setxattr "user.rootlesscontainers"
2026/10/02 11:41:40  warn rootless{opt/conda/bin/jmod} ignoring (usually) harmless EPERM on setxattr "user.rootlesscontainers"
2026/10/02 11:41:40  warn rootless{opt/conda/bin/jpackage} ignoring (usually) harmless EPERM on setxattr "user.rootlesscontainers"
2026/10/02 11:41:40  warn rootless{opt/conda/bin/jps} ignoring (usually) harmless EPERM on setxattr "user.rootlesscontainers"
2026/10/02 11:41:40  warn rootless{opt/conda/bin/jrunscript} ignoring (usually) harmless EPERM on setxattr "user.rootlesscontainers"
2026/10/02 11:41:40  warn rootless{opt/conda/bin/jshell} ignoring (usually) harmless EPERM on setxattr "user.rootlesscontainers"
2026/10/02 11:41:40  warn rootless{opt/conda/bin/jstack} ignoring (usually) harmless EPERM on setxattr "user.rootlesscontainers"
2026/10/02 11:41:40  warn rootless{opt/conda/bin/jstat} ignoring (usually) harmless EPERM on setxattr "user.rootlesscontainers"
2026/10/02 11:41:40  warn rootless{opt/conda/bin/jstatd} ignoring (usually) harmless EPERM on setxattr "user.rootlesscontainers"
2026/10/02 11:41:40  warn rootless{opt/conda/bin/jwebserver} ignoring (usually) harmless EPERM on setxattr "user.rootlesscontainers"
2026/10/02 11:41:40  warn rootless{opt/conda/bin/keytool} ignoring (usually) harmless EPERM on setxattr "user.rootlesscontainers"
2026/10/02 11:41:41  warn rootless{opt/conda/bin/libpng-config} ignoring (usually) harmless EPERM on setxattr "user.rootlesscontainers"
2026/10/02 11:41:43  warn rootless{opt/conda/bin/pydoc} ignoring (usually) harmless EPERM on setxattr "user.rootlesscontainers"
2026/10/02 11:41:43  warn rootless{opt/conda/bin/pydoc3} ignoring (usually) harmless EPERM on setxattr "user.rootlesscontainers"
2026/10/02 11:41:43  warn rootless{opt/conda/bin/python} ignoring (usually) harmless EPERM on setxattr "user.rootlesscontainers"
2026/10/02 11:41:43  warn rootless{opt/conda/bin/python3} ignoring (usually) harmless EPERM on setxattr "user.rootlesscontainers"
2026/10/02 11:41:43  warn rootless{opt/conda/bin/python3-config} ignoring (usually) harmless EPERM on setxattr "user.rootlesscontainers"
2026/10/02 11:41:43  warn rootless{opt/conda/bin/python3.1} ignoring (usually) harmless EPERM on setxattr "user.rootlesscontainers"
2026/10/02 11:41:43  warn rootless{opt/conda/bin/reset} ignoring (usually) harmless EPERM on setxattr "user.rootlesscontainers"
2026/10/02 11:41:43  warn rootless{opt/conda/bin/rmiregistry} ignoring (usually) harmless EPERM on setxattr "user.rootlesscontainers"
2026/10/02 11:41:44  warn rootless{opt/conda/bin/serialver} ignoring (usually) harmless EPERM on setxattr "user.rootlesscontainers"
2026/10/02 11:41:44  warn rootless{opt/conda/bin/tclsh} ignoring (usually) harmless EPERM on setxattr "user.rootlesscontainers"
2026/10/02 11:41:45  warn rootless{opt/conda/bin/unzstd} ignoring (usually) harmless EPERM on setxattr "user.rootlesscontainers"
2026/10/02 11:41:45  warn rootless{opt/conda/bin/wish} ignoring (usually) harmless EPERM on setxattr "user.rootlesscontainers"
2026/10/02 11:41:46  warn rootless{opt/conda/bin/zstdcat} ignoring (usually) harmless EPERM on setxattr "user.rootlesscontainers"
2026/10/02 11:41:46  warn rootless{opt/conda/bin/zstdmt} ignoring (usually) harmless EPERM on setxattr "user.rootlesscontainers"
2026/10/02 11:41:46  warn rootless{opt/conda/compiler_compat/ld} ignoring (usually) harmless EPERM on setxattr "user.rootlesscontainers"
2026/10/02 11:42:13  warn rootless{opt/conda/etc/fonts/conf.d/10-hinting-slight.conf} ignoring (usually) harmless EPERM on setxattr "user.rootlesscontainers"
2026/10/02 11:42:13  warn rootless{opt/conda/etc/fonts/conf.d/10-scale-bitmap-fonts.conf} ignoring (usually) harmless EPERM on setxattr "user.rootlesscontainers"
2026/10/02 11:42:13  warn rootless{opt/conda/etc/fonts/conf.d/10-sub-pixel-none.conf} ignoring (usually) harmless EPERM on setxattr "user.rootlesscontainers"
2026/10/02 11:42:13  warn rootless{opt/conda/etc/fonts/conf.d/10-yes-antialias.conf} ignoring (usually) harmless EPERM on setxattr "user.rootlesscontainers"
2026/10/02 11:42:13  warn rootless{opt/conda/etc/fonts/conf.d/11-lcdfilter-default.conf} ignoring (usually) harmless EPERM on setxattr "user.rootlesscontainers"
2026/10/02 11:42:13  warn rootless{opt/conda/etc/fonts/conf.d/20-unhint-small-vera.conf} ignoring (usually) harmless EPERM on setxattr "user.rootlesscontainers"
2026/10/02 11:42:13  warn rootless{opt/conda/etc/fonts/conf.d/30-metric-aliases.conf} ignoring (usually) harmless EPERM on setxattr "user.rootlesscontainers"
2026/10/02 11:42:13  warn rootless{opt/conda/etc/fonts/conf.d/40-nonlatin.conf} ignoring (usually) harmless EPERM on setxattr "user.rootlesscontainers"
2026/10/02 11:42:13  warn rootless{opt/conda/etc/fonts/conf.d/45-generic.conf} ignoring (usually) harmless EPERM on setxattr "user.rootlesscontainers"
2026/10/02 11:42:13  warn rootless{opt/conda/etc/fonts/conf.d/45-latin.conf} ignoring (usually) harmless EPERM on setxattr "user.rootlesscontainers"
2026/10/02 11:42:13  warn rootless{opt/conda/etc/fonts/conf.d/48-guessfamily.conf} ignoring (usually) harmless EPERM on setxattr "user.rootlesscontainers"
2026/10/02 11:42:13  warn rootless{opt/conda/etc/fonts/conf.d/48-spacing.conf} ignoring (usually) harmless EPERM on setxattr "user.rootlesscontainers"
2026/10/02 11:42:13  warn rootless{opt/conda/etc/fonts/conf.d/49-sansserif.conf} ignoring (usually) harmless EPERM on setxattr "user.rootlesscontainers"
2026/10/02 11:42:13  warn rootless{opt/conda/etc/fonts/conf.d/50-user.conf} ignoring (usually) harmless EPERM on setxattr "user.rootlesscontainers"
2026/10/02 11:42:13  warn rootless{opt/conda/etc/fonts/conf.d/51-local.conf} ignoring (usually) harmless EPERM on setxattr "user.rootlesscontainers"
2026/10/02 11:42:13  warn rootless{opt/conda/etc/fonts/conf.d/60-generic.conf} ignoring (usually) harmless EPERM on setxattr "user.rootlesscontainers"
2026/10/02 11:42:13  warn rootless{opt/conda/etc/fonts/conf.d/60-latin.conf} ignoring (usually) harmless EPERM on setxattr "user.rootlesscontainers"
2026/10/02 11:42:13  warn rootless{opt/conda/etc/fonts/conf.d/65-fonts-persian.conf} ignoring (usually) harmless EPERM on setxattr "user.rootlesscontainers"
2026/10/02 11:42:13  warn rootless{opt/conda/etc/fonts/conf.d/65-nonlatin.conf} ignoring (usually) harmless EPERM on setxattr "user.rootlesscontainers"
2026/10/02 11:42:13  warn rootless{opt/conda/etc/fonts/conf.d/69-unifont.conf} ignoring (usually) harmless EPERM on setxattr "user.rootlesscontainers"
2026/10/02 11:42:13  warn rootless{opt/conda/etc/fonts/conf.d/70-no-bitmaps-except-emoji.conf} ignoring (usually) harmless EPERM on setxattr "user.rootlesscontainers"
2026/10/02 11:42:13  warn rootless{opt/conda/etc/fonts/conf.d/80-delicious.conf} ignoring (usually) harmless EPERM on setxattr "user.rootlesscontainers"
2026/10/02 11:42:13  warn rootless{opt/conda/etc/fonts/conf.d/90-synthetic.conf} ignoring (usually) harmless EPERM on setxattr "user.rootlesscontainers"
2026/10/02 11:42:44  warn rootless{opt/conda/include/ncurses/curses.h} ignoring (usually) harmless EPERM on setxattr "user.rootlesscontainers"
2026/10/02 11:42:44  warn rootless{opt/conda/include/ncurses/cursesapp.h} ignoring (usually) harmless EPERM on setxattr "user.rootlesscontainers"
2026/10/02 11:42:44  warn rootless{opt/conda/include/ncurses/cursesf.h} ignoring (usually) harmless EPERM on setxattr "user.rootlesscontainers"
2026/10/02 11:42:44  warn rootless{opt/conda/include/ncurses/cursesm.h} ignoring (usually) harmless EPERM on setxattr "user.rootlesscontainers"
2026/10/02 11:42:44  warn rootless{opt/conda/include/ncurses/cursesp.h} ignoring (usually) harmless EPERM on setxattr "user.rootlesscontainers"
2026/10/02 11:42:44  warn rootless{opt/conda/include/ncurses/cursesw.h} ignoring (usually) harmless EPERM on setxattr "user.rootlesscontainers"
2026/10/02 11:42:44  warn rootless{opt/conda/include/ncurses/cursslk.h} ignoring (usually) harmless EPERM on setxattr "user.rootlesscontainers"
2026/10/02 11:42:44  warn rootless{opt/conda/include/ncurses/eti.h} ignoring (usually) harmless EPERM on setxattr "user.rootlesscontainers"
2026/10/02 11:42:44  warn rootless{opt/conda/include/ncurses/etip.h} ignoring (usually) harmless EPERM on setxattr "user.rootlesscontainers"
2026/10/02 11:42:44  warn rootless{opt/conda/include/ncurses/form.h} ignoring (usually) harmless EPERM on setxattr "user.rootlesscontainers"
2026/10/02 11:42:45  warn rootless{opt/conda/include/ncurses/menu.h} ignoring (usually) harmless EPERM on setxattr "user.rootlesscontainers"
2026/10/02 11:42:45  warn rootless{opt/conda/include/ncurses/ncurses.h} ignoring (usually) harmless EPERM on setxattr "user.rootlesscontainers"
2026/10/02 11:42:45  warn rootless{opt/conda/include/ncurses/ncurses_dll.h} ignoring (usually) harmless EPERM on setxattr "user.rootlesscontainers"
2026/10/02 11:42:45  warn rootless{opt/conda/include/ncurses/panel.h} ignoring (usually) harmless EPERM on setxattr "user.rootlesscontainers"
2026/10/02 11:42:45  warn rootless{opt/conda/include/ncurses/term.h} ignoring (usually) harmless EPERM on setxattr "user.rootlesscontainers"
2026/10/02 11:42:45  warn rootless{opt/conda/include/ncurses/term_entry.h} ignoring (usually) harmless EPERM on setxattr "user.rootlesscontainers"
2026/10/02 11:42:45  warn rootless{opt/conda/include/ncurses/termcap.h} ignoring (usually) harmless EPERM on setxattr "user.rootlesscontainers"
2026/10/02 11:42:45  warn rootless{opt/conda/include/ncurses/unctrl.h} ignoring (usually) harmless EPERM on setxattr "user.rootlesscontainers"
2026/10/02 11:42:45  warn rootless{opt/conda/include/ncurses.h} ignoring (usually) harmless EPERM on setxattr "user.rootlesscontainers"
2026/10/02 11:42:45  warn rootless{opt/conda/include/ncursesw/curses.h} ignoring (usually) harmless EPERM on setxattr "user.rootlesscontainers"
2026/10/02 11:42:45  warn rootless{opt/conda/include/ncursesw/cursesapp.h} ignoring (usually) harmless EPERM on setxattr "user.rootlesscontainers"
2026/10/02 11:42:45  warn rootless{opt/conda/include/ncursesw/cursesf.h} ignoring (usually) harmless EPERM on setxattr "user.rootlesscontainers"
2026/10/02 11:42:45  warn rootless{opt/conda/include/ncursesw/cursesm.h} ignoring (usually) harmless EPERM on setxattr "user.rootlesscontainers"
2026/10/02 11:42:45  warn rootless{opt/conda/include/ncursesw/cursesp.h} ignoring (usually) harmless EPERM on setxattr "user.rootlesscontainers"
2026/10/02 11:42:45  warn rootless{opt/conda/include/ncursesw/cursesw.h} ignoring (usually) harmless EPERM on setxattr "user.rootlesscontainers"
2026/10/02 11:42:45  warn rootless{opt/conda/include/ncursesw/cursslk.h} ignoring (usually) harmless EPERM on setxattr "user.rootlesscontainers"
2026/10/02 11:42:45  warn rootless{opt/conda/include/ncursesw/eti.h} ignoring (usually) harmless EPERM on setxattr "user.rootlesscontainers"
2026/10/02 11:42:45  warn rootless{opt/conda/include/ncursesw/etip.h} ignoring (usually) harmless EPERM on setxattr "user.rootlesscontainers"
2026/10/02 11:42:45  warn rootless{opt/conda/include/ncursesw/form.h} ignoring (usually) harmless EPERM on setxattr "user.rootlesscontainers"
2026/10/02 11:42:45  warn rootless{opt/conda/include/ncursesw/menu.h} ignoring (usually) harmless EPERM on setxattr "user.rootlesscontainers"
2026/10/02 11:42:45  warn rootless{opt/conda/include/ncursesw/ncurses.h} ignoring (usually) harmless EPERM on setxattr "user.rootlesscontainers"
2026/10/02 11:42:45  warn rootless{opt/conda/include/ncursesw/ncurses_dll.h} ignoring (usually) harmless EPERM on setxattr "user.rootlesscontainers"
2026/10/02 11:42:46  warn rootless{opt/conda/include/ncursesw/panel.h} ignoring (usually) harmless EPERM on setxattr "user.rootlesscontainers"
2026/10/02 11:42:46  warn rootless{opt/conda/include/ncursesw/term.h} ignoring (usually) harmless EPERM on setxattr "user.rootlesscontainers"
2026/10/02 11:42:46  warn rootless{opt/conda/include/ncursesw/term_entry.h} ignoring (usually) harmless EPERM on setxattr "user.rootlesscontainers"
2026/10/02 11:42:46  warn rootless{opt/conda/include/ncursesw/termcap.h} ignoring (usually) harmless EPERM on setxattr "user.rootlesscontainers"
2026/10/02 11:42:46  warn rootless{opt/conda/include/ncursesw/unctrl.h} ignoring (usually) harmless EPERM on setxattr "user.rootlesscontainers"
2026/10/02 11:43:11  warn rootless{opt/conda/include/png.h} ignoring (usually) harmless EPERM on setxattr "user.rootlesscontainers"
2026/10/02 11:43:12  warn rootless{opt/conda/include/pngconf.h} ignoring (usually) harmless EPERM on setxattr "user.rootlesscontainers"
2026/10/02 11:43:12  warn rootless{opt/conda/include/pnglibconf.h} ignoring (usually) harmless EPERM on setxattr "user.rootlesscontainers"
2026/10/02 11:43:41  warn rootless{opt/conda/lib/icu/Makefile.inc} ignoring (usually) harmless EPERM on setxattr "user.rootlesscontainers"
2026/10/02 11:43:41  warn rootless{opt/conda/lib/icu/current} ignoring (usually) harmless EPERM on setxattr "user.rootlesscontainers"
2026/10/02 11:43:41  warn rootless{opt/conda/lib/icu/pkgdata.inc} ignoring (usually) harmless EPERM on setxattr "user.rootlesscontainers"
2026/10/02 11:43:50  warn rootless{opt/conda/lib/jvm/legal/java.compiler/ADDITIONAL_LICENSE_INFO} ignoring (usually) harmless EPERM on setxattr "user.rootlesscontainers"
2026/10/02 11:43:50  warn rootless{opt/conda/lib/jvm/legal/java.compiler/ASSEMBLY_EXCEPTION} ignoring (usually) harmless EPERM on setxattr "user.rootlesscontainers"
2026/10/02 11:43:50  warn rootless{opt/conda/lib/jvm/legal/java.compiler/LICENSE} ignoring (usually) harmless EPERM on setxattr "user.rootlesscontainers"
2026/10/02 11:43:50  warn rootless{opt/conda/lib/jvm/legal/java.datatransfer/ADDITIONAL_LICENSE_INFO} ignoring (usually) harmless EPERM on setxattr "user.rootlesscontainers"
2026/10/02 11:43:50  warn rootless{opt/conda/lib/jvm/legal/java.datatransfer/ASSEMBLY_EXCEPTION} ignoring (usually) harmless EPERM on setxattr "user.rootlesscontainers"
2026/10/02 11:43:50  warn rootless{opt/conda/lib/jvm/legal/java.datatransfer/LICENSE} ignoring (usually) harmless EPERM on setxattr "user.rootlesscontainers"
2026/10/02 11:43:50  warn rootless{opt/conda/lib/jvm/legal/java.desktop/ADDITIONAL_LICENSE_INFO} ignoring (usually) harmless EPERM on setxattr "user.rootlesscontainers"
2026/10/02 11:43:50  warn rootless{opt/conda/lib/jvm/legal/java.desktop/ASSEMBLY_EXCEPTION} ignoring (usually) harmless EPERM on setxattr "user.rootlesscontainers"
2026/10/02 11:43:51  warn rootless{opt/conda/lib/jvm/legal/java.desktop/LICENSE} ignoring (usually) harmless EPERM on setxattr "user.rootlesscontainers"
2026/10/02 11:43:51  warn rootless{opt/conda/lib/jvm/legal/java.instrument/ADDITIONAL_LICENSE_INFO} ignoring (usually) harmless EPERM on setxattr "user.rootlesscontainers"
2026/10/02 11:43:51  warn rootless{opt/conda/lib/jvm/legal/java.instrument/ASSEMBLY_EXCEPTION} ignoring (usually) harmless EPERM on setxattr "user.rootlesscontainers"
2026/10/02 11:43:51  warn rootless{opt/conda/lib/jvm/legal/java.instrument/LICENSE} ignoring (usually) harmless EPERM on setxattr "user.rootlesscontainers"
2026/10/02 11:43:51  warn rootless{opt/conda/lib/jvm/legal/java.logging/ADDITIONAL_LICENSE_INFO} ignoring (usually) harmless EPERM on setxattr "user.rootlesscontainers"
2026/10/02 11:43:51  warn rootless{opt/conda/lib/jvm/legal/java.logging/ASSEMBLY_EXCEPTION} ignoring (usually) harmless EPERM on setxattr "user.rootlesscontainers"
2026/10/02 11:43:51  warn rootless{opt/conda/lib/jvm/legal/java.logging/LICENSE} ignoring (usually) harmless EPERM on setxattr "user.rootlesscontainers"
2026/10/02 11:43:51  warn rootless{opt/conda/lib/jvm/legal/java.management/ADDITIONAL_LICENSE_INFO} ignoring (usually) harmless EPERM on setxattr "user.rootlesscontainers"
2026/10/02 11:43:51  warn rootless{opt/conda/lib/jvm/legal/java.management/ASSEMBLY_EXCEPTION} ignoring (usually) harmless EPERM on setxattr "user.rootlesscontainers"
2026/10/02 11:43:51  warn rootless{opt/conda/lib/jvm/legal/java.management/LICENSE} ignoring (usually) harmless EPERM on setxattr "user.rootlesscontainers"
2026/10/02 11:43:51  warn rootless{opt/conda/lib/jvm/legal/java.management.rmi/ADDITIONAL_LICENSE_INFO} ignoring (usually) harmless EPERM on setxattr "user.rootlesscontainers"
2026/10/02 11:43:51  warn rootless{opt/conda/lib/jvm/legal/java.management.rmi/ASSEMBLY_EXCEPTION} ignoring (usually) harmless EPERM on setxattr "user.rootlesscontainers"
2026/10/02 11:43:51  warn rootless{opt/conda/lib/jvm/legal/java.management.rmi/LICENSE} ignoring (usually) harmless EPERM on setxattr "user.rootlesscontainers"
2026/10/02 11:43:52  warn rootless{opt/conda/lib/jvm/legal/java.naming/ADDITIONAL_LICENSE_INFO} ignoring (usually) harmless EPERM on setxattr "user.rootlesscontainers"
2026/10/02 11:43:52  warn rootless{opt/conda/lib/jvm/legal/java.naming/ASSEMBLY_EXCEPTION} ignoring (usually) harmless EPERM on setxattr "user.rootlesscontainers"
2026/10/02 11:43:52  warn rootless{opt/conda/lib/jvm/legal/java.naming/LICENSE} ignoring (usually) harmless EPERM on setxattr "user.rootlesscontainers"
2026/10/02 11:43:52  warn rootless{opt/conda/lib/jvm/legal/java.net.http/ADDITIONAL_LICENSE_INFO} ignoring (usually) harmless EPERM on setxattr "user.rootlesscontainers"
2026/10/02 11:43:52  warn rootless{opt/conda/lib/jvm/legal/java.net.http/ASSEMBLY_EXCEPTION} ignoring (usually) harmless EPERM on setxattr "user.rootlesscontainers"
2026/10/02 11:43:52  warn rootless{opt/conda/lib/jvm/legal/java.net.http/LICENSE} ignoring (usually) harmless EPERM on setxattr "user.rootlesscontainers"
2026/10/02 11:43:52  warn rootless{opt/conda/lib/jvm/legal/java.prefs/ADDITIONAL_LICENSE_INFO} ignoring (usually) harmless EPERM on setxattr "user.rootlesscontainers"
2026/10/02 11:43:52  warn rootless{opt/conda/lib/jvm/legal/java.prefs/ASSEMBLY_EXCEPTION} ignoring (usually) harmless EPERM on setxattr "user.rootlesscontainers"
2026/10/02 11:43:52  warn rootless{opt/conda/lib/jvm/legal/java.prefs/LICENSE} ignoring (usually) harmless EPERM on setxattr "user.rootlesscontainers"
2026/10/02 11:43:52  warn rootless{opt/conda/lib/jvm/legal/java.rmi/ADDITIONAL_LICENSE_INFO} ignoring (usually) harmless EPERM on setxattr "user.rootlesscontainers"
2026/10/02 11:43:52  warn rootless{opt/conda/lib/jvm/legal/java.rmi/ASSEMBLY_EXCEPTION} ignoring (usually) harmless EPERM on setxattr "user.rootlesscontainers"
2026/10/02 11:43:52  warn rootless{opt/conda/lib/jvm/legal/java.rmi/LICENSE} ignoring (usually) harmless EPERM on setxattr "user.rootlesscontainers"
2026/10/02 11:43:52  warn rootless{opt/conda/lib/jvm/legal/java.scripting/ADDITIONAL_LICENSE_INFO} ignoring (usually) harmless EPERM on setxattr "user.rootlesscontainers"
2026/10/02 11:43:52  warn rootless{opt/conda/lib/jvm/legal/java.scripting/ASSEMBLY_EXCEPTION} ignoring (usually) harmless EPERM on setxattr "user.rootlesscontainers"
2026/10/02 11:43:52  warn rootless{opt/conda/lib/jvm/legal/java.scripting/LICENSE} ignoring (usually) harmless EPERM on setxattr "user.rootlesscontainers"
2026/10/02 11:43:52  warn rootless{opt/conda/lib/jvm/legal/java.se/ADDITIONAL_LICENSE_INFO} ignoring (usually) harmless EPERM on setxattr "user.rootlesscontainers"
2026/10/02 11:43:52  warn rootless{opt/conda/lib/jvm/legal/java.se/ASSEMBLY_EXCEPTION} ignoring (usually) harmless EPERM on setxattr "user.rootlesscontainers"
2026/10/02 11:43:53  warn rootless{opt/conda/lib/jvm/legal/java.se/LICENSE} ignoring (usually) harmless EPERM on setxattr "user.rootlesscontainers"
2026/10/02 11:43:53  warn rootless{opt/conda/lib/jvm/legal/java.security.jgss/ADDITIONAL_LICENSE_INFO} ignoring (usually) harmless EPERM on setxattr "user.rootlesscontainers"
2026/10/02 11:43:53  warn rootless{opt/conda/lib/jvm/legal/java.security.jgss/ASSEMBLY_EXCEPTION} ignoring (usually) harmless EPERM on setxattr "user.rootlesscontainers"
2026/10/02 11:43:53  warn rootless{opt/conda/lib/jvm/legal/java.security.jgss/LICENSE} ignoring (usually) harmless EPERM on setxattr "user.rootlesscontainers"
2026/10/02 11:43:53  warn rootless{opt/conda/lib/jvm/legal/java.security.sasl/ADDITIONAL_LICENSE_INFO} ignoring (usually) harmless EPERM on setxattr "user.rootlesscontainers"
2026/10/02 11:43:53  warn rootless{opt/conda/lib/jvm/legal/java.security.sasl/ASSEMBLY_EXCEPTION} ignoring (usually) harmless EPERM on setxattr "user.rootlesscontainers"
2026/10/02 11:43:53  warn rootless{opt/conda/lib/jvm/legal/java.security.sasl/LICENSE} ignoring (usually) harmless EPERM on setxattr "user.rootlesscontainers"
2026/10/02 11:43:53  warn rootless{opt/conda/lib/jvm/legal/java.smartcardio/ADDITIONAL_LICENSE_INFO} ignoring (usually) harmless EPERM on setxattr "user.rootlesscontainers"
2026/10/02 11:43:53  warn rootless{opt/conda/lib/jvm/legal/java.smartcardio/ASSEMBLY_EXCEPTION} ignoring (usually) harmless EPERM on setxattr "user.rootlesscontainers"
2026/10/02 11:43:53  warn rootless{opt/conda/lib/jvm/legal/java.smartcardio/LICENSE} ignoring (usually) harmless EPERM on setxattr "user.rootlesscontainers"
2026/10/02 11:43:53  warn rootless{opt/conda/lib/jvm/legal/java.sql/ADDITIONAL_LICENSE_INFO} ignoring (usually) harmless EPERM on setxattr "user.rootlesscontainers"
2026/10/02 11:43:53  warn rootless{opt/conda/lib/jvm/legal/java.sql/ASSEMBLY_EXCEPTION} ignoring (usually) harmless EPERM on setxattr "user.rootlesscontainers"
2026/10/02 11:43:53  warn rootless{opt/conda/lib/jvm/legal/java.sql/LICENSE} ignoring (usually) harmless EPERM on setxattr "user.rootlesscontainers"
2026/10/02 11:43:53  warn rootless{opt/conda/lib/jvm/legal/java.sql.rowset/ADDITIONAL_LICENSE_INFO} ignoring (usually) harmless EPERM on setxattr "user.rootlesscontainers"
2026/10/02 11:43:54  warn rootless{opt/conda/lib/jvm/legal/java.sql.rowset/ASSEMBLY_EXCEPTION} ignoring (usually) harmless EPERM on setxattr "user.rootlesscontainers"
2026/10/02 11:43:54  warn rootless{opt/conda/lib/jvm/legal/java.sql.rowset/LICENSE} ignoring (usually) harmless EPERM on setxattr "user.rootlesscontainers"
2026/10/02 11:43:54  warn rootless{opt/conda/lib/jvm/legal/java.transaction.xa/ADDITIONAL_LICENSE_INFO} ignoring (usually) harmless EPERM on setxattr "user.rootlesscontainers"
2026/10/02 11:43:54  warn rootless{opt/conda/lib/jvm/legal/java.transaction.xa/ASSEMBLY_EXCEPTION} ignoring (usually) harmless EPERM on setxattr "user.rootlesscontainers"
2026/10/02 11:43:54  warn rootless{opt/conda/lib/jvm/legal/java.transaction.xa/LICENSE} ignoring (usually) harmless EPERM on setxattr "user.rootlesscontainers"
2026/10/02 11:43:54  warn rootless{opt/conda/lib/jvm/legal/java.xml/ADDITIONAL_LICENSE_INFO} ignoring (usually) harmless EPERM on setxattr "user.rootlesscontainers"
2026/10/02 11:43:54  warn rootless{opt/conda/lib/jvm/legal/java.xml/ASSEMBLY_EXCEPTION} ignoring (usually) harmless EPERM on setxattr "user.rootlesscontainers"
2026/10/02 11:43:54  warn rootless{opt/conda/lib/jvm/legal/java.xml/LICENSE} ignoring (usually) harmless EPERM on setxattr "user.rootlesscontainers"
2026/10/02 11:43:54  warn rootless{opt/conda/lib/jvm/legal/java.xml.crypto/ADDITIONAL_LICENSE_INFO} ignoring (usually) harmless EPERM on setxattr "user.rootlesscontainers"
2026/10/02 11:43:54  warn rootless{opt/conda/lib/jvm/legal/java.xml.crypto/ASSEMBLY_EXCEPTION} ignoring (usually) harmless EPERM on setxattr "user.rootlesscontainers"
2026/10/02 11:43:54  warn rootless{opt/conda/lib/jvm/legal/java.xml.crypto/LICENSE} ignoring (usually) harmless EPERM on setxattr "user.rootlesscontainers"
2026/10/02 11:43:54  warn rootless{opt/conda/lib/jvm/legal/jdk.accessibility/ADDITIONAL_LICENSE_INFO} ignoring (usually) harmless EPERM on setxattr "user.rootlesscontainers"
2026/10/02 11:43:55  warn rootless{opt/conda/lib/jvm/legal/jdk.accessibility/ASSEMBLY_EXCEPTION} ignoring (usually) harmless EPERM on setxattr "user.rootlesscontainers"
2026/10/02 11:43:55  warn rootless{opt/conda/lib/jvm/legal/jdk.accessibility/LICENSE} ignoring (usually) harmless EPERM on setxattr "user.rootlesscontainers"
2026/10/02 11:43:55  warn rootless{opt/conda/lib/jvm/legal/jdk.attach/ADDITIONAL_LICENSE_INFO} ignoring (usually) harmless EPERM on setxattr "user.rootlesscontainers"
2026/10/02 11:43:55  warn rootless{opt/conda/lib/jvm/legal/jdk.attach/ASSEMBLY_EXCEPTION} ignoring (usually) harmless EPERM on setxattr "user.rootlesscontainers"
2026/10/02 11:43:55  warn rootless{opt/conda/lib/jvm/legal/jdk.attach/LICENSE} ignoring (usually) harmless EPERM on setxattr "user.rootlesscontainers"
2026/10/02 11:43:55  warn rootless{opt/conda/lib/jvm/legal/jdk.charsets/ADDITIONAL_LICENSE_INFO} ignoring (usually) harmless EPERM on setxattr "user.rootlesscontainers"
2026/10/02 11:43:55  warn rootless{opt/conda/lib/jvm/legal/jdk.charsets/ASSEMBLY_EXCEPTION} ignoring (usually) harmless EPERM on setxattr "user.rootlesscontainers"
2026/10/02 11:43:55  warn rootless{opt/conda/lib/jvm/legal/jdk.charsets/LICENSE} ignoring (usually) harmless EPERM on setxattr "user.rootlesscontainers"
2026/10/02 11:43:55  warn rootless{opt/conda/lib/jvm/legal/jdk.compiler/ADDITIONAL_LICENSE_INFO} ignoring (usually) harmless EPERM on setxattr "user.rootlesscontainers"
2026/10/02 11:43:55  warn rootless{opt/conda/lib/jvm/legal/jdk.compiler/ASSEMBLY_EXCEPTION} ignoring (usually) harmless EPERM on setxattr "user.rootlesscontainers"
2026/10/02 11:43:55  warn rootless{opt/conda/lib/jvm/legal/jdk.compiler/LICENSE} ignoring (usually) harmless EPERM on setxattr "user.rootlesscontainers"
2026/10/02 11:43:55  warn rootless{opt/conda/lib/jvm/legal/jdk.crypto.cryptoki/ADDITIONAL_LICENSE_INFO} ignoring (usually) harmless EPERM on setxattr "user.rootlesscontainers"
2026/10/02 11:43:55  warn rootless{opt/conda/lib/jvm/legal/jdk.crypto.cryptoki/ASSEMBLY_EXCEPTION} ignoring (usually) harmless EPERM on setxattr "user.rootlesscontainers"
2026/10/02 11:43:55  warn rootless{opt/conda/lib/jvm/legal/jdk.crypto.cryptoki/LICENSE} ignoring (usually) harmless EPERM on setxattr "user.rootlesscontainers"
2026/10/02 11:43:55  warn rootless{opt/conda/lib/jvm/legal/jdk.crypto.ec/ADDITIONAL_LICENSE_INFO} ignoring (usually) harmless EPERM on setxattr "user.rootlesscontainers"
2026/10/02 11:43:55  warn rootless{opt/conda/lib/jvm/legal/jdk.crypto.ec/ASSEMBLY_EXCEPTION} ignoring (usually) harmless EPERM on setxattr "user.rootlesscontainers"
2026/10/02 11:43:55  warn rootless{opt/conda/lib/jvm/legal/jdk.crypto.ec/LICENSE} ignoring (usually) harmless EPERM on setxattr "user.rootlesscontainers"
2026/10/02 11:43:56  warn rootless{opt/conda/lib/jvm/legal/jdk.dynalink/ADDITIONAL_LICENSE_INFO} ignoring (usually) harmless EPERM on setxattr "user.rootlesscontainers"
2026/10/02 11:43:56  warn rootless{opt/conda/lib/jvm/legal/jdk.dynalink/ASSEMBLY_EXCEPTION} ignoring (usually) harmless EPERM on setxattr "user.rootlesscontainers"
2026/10/02 11:43:56  warn rootless{opt/conda/lib/jvm/legal/jdk.dynalink/LICENSE} ignoring (usually) harmless EPERM on setxattr "user.rootlesscontainers"
2026/10/02 11:43:56  warn rootless{opt/conda/lib/jvm/legal/jdk.editpad/ADDITIONAL_LICENSE_INFO} ignoring (usually) harmless EPERM on setxattr "user.rootlesscontainers"
2026/10/02 11:43:56  warn rootless{opt/conda/lib/jvm/legal/jdk.editpad/ASSEMBLY_EXCEPTION} ignoring (usually) harmless EPERM on setxattr "user.rootlesscontainers"
2026/10/02 11:43:56  warn rootless{opt/conda/lib/jvm/legal/jdk.editpad/LICENSE} ignoring (usually) harmless EPERM on setxattr "user.rootlesscontainers"
2026/10/02 11:43:56  warn rootless{opt/conda/lib/jvm/legal/jdk.graal.compiler/ADDITIONAL_LICENSE_INFO} ignoring (usually) harmless EPERM on setxattr "user.rootlesscontainers"
2026/10/02 11:43:56  warn rootless{opt/conda/lib/jvm/legal/jdk.graal.compiler/ASSEMBLY_EXCEPTION} ignoring (usually) harmless EPERM on setxattr "user.rootlesscontainers"
2026/10/02 11:43:56  warn rootless{opt/conda/lib/jvm/legal/jdk.graal.compiler/LICENSE} ignoring (usually) harmless EPERM on setxattr "user.rootlesscontainers"
2026/10/02 11:43:56  warn rootless{opt/conda/lib/jvm/legal/jdk.graal.compiler.management/ADDITIONAL_LICENSE_INFO} ignoring (usually) harmless EPERM on setxattr "user.rootlesscontainers"
2026/10/02 11:43:56  warn rootless{opt/conda/lib/jvm/legal/jdk.graal.compiler.management/ASSEMBLY_EXCEPTION} ignoring (usually) harmless EPERM on setxattr "user.rootlesscontainers"
2026/10/02 11:43:56  warn rootless{opt/conda/lib/jvm/legal/jdk.graal.compiler.management/LICENSE} ignoring (usually) harmless EPERM on setxattr "user.rootlesscontainers"
2026/10/02 11:43:56  warn rootless{opt/conda/lib/jvm/legal/jdk.hotspot.agent/ADDITIONAL_LICENSE_INFO} ignoring (usually) harmless EPERM on setxattr "user.rootlesscontainers"
2026/10/02 11:43:56  warn rootless{opt/conda/lib/jvm/legal/jdk.hotspot.agent/ASSEMBLY_EXCEPTION} ignoring (usually) harmless EPERM on setxattr "user.rootlesscontainers"
2026/10/02 11:43:56  warn rootless{opt/conda/lib/jvm/legal/jdk.hotspot.agent/LICENSE} ignoring (usually) harmless EPERM on setxattr "user.rootlesscontainers"
2026/10/02 11:43:56  warn rootless{opt/conda/lib/jvm/legal/jdk.httpserver/ADDITIONAL_LICENSE_INFO} ignoring (usually) harmless EPERM on setxattr "user.rootlesscontainers"
2026/10/02 11:43:57  warn rootless{opt/conda/lib/jvm/legal/jdk.httpserver/ASSEMBLY_EXCEPTION} ignoring (usually) harmless EPERM on setxattr "user.rootlesscontainers"
2026/10/02 11:43:57  warn rootless{opt/conda/lib/jvm/legal/jdk.httpserver/LICENSE} ignoring (usually) harmless EPERM on setxattr "user.rootlesscontainers"
2026/10/02 11:43:57  warn rootless{opt/conda/lib/jvm/legal/jdk.incubator.vector/ADDITIONAL_LICENSE_INFO} ignoring (usually) harmless EPERM on setxattr "user.rootlesscontainers"
2026/10/02 11:43:57  warn rootless{opt/conda/lib/jvm/legal/jdk.incubator.vector/ASSEMBLY_EXCEPTION} ignoring (usually) harmless EPERM on setxattr "user.rootlesscontainers"
2026/10/02 11:43:57  warn rootless{opt/conda/lib/jvm/legal/jdk.incubator.vector/LICENSE} ignoring (usually) harmless EPERM on setxattr "user.rootlesscontainers"
2026/10/02 11:43:57  warn rootless{opt/conda/lib/jvm/legal/jdk.internal.ed/ADDITIONAL_LICENSE_INFO} ignoring (usually) harmless EPERM on setxattr "user.rootlesscontainers"
2026/10/02 11:43:57  warn rootless{opt/conda/lib/jvm/legal/jdk.internal.ed/ASSEMBLY_EXCEPTION} ignoring (usually) harmless EPERM on setxattr "user.rootlesscontainers"
2026/10/02 11:43:57  warn rootless{opt/conda/lib/jvm/legal/jdk.internal.ed/LICENSE} ignoring (usually) harmless EPERM on setxattr "user.rootlesscontainers"
2026/10/02 11:43:57  warn rootless{opt/conda/lib/jvm/legal/jdk.internal.jvmstat/ADDITIONAL_LICENSE_INFO} ignoring (usually) harmless EPERM on setxattr "user.rootlesscontainers"
2026/10/02 11:43:57  warn rootless{opt/conda/lib/jvm/legal/jdk.internal.jvmstat/ASSEMBLY_EXCEPTION} ignoring (usually) harmless EPERM on setxattr "user.rootlesscontainers"
2026/10/02 11:43:57  warn rootless{opt/conda/lib/jvm/legal/jdk.internal.jvmstat/LICENSE} ignoring (usually) harmless EPERM on setxattr "user.rootlesscontainers"
2026/10/02 11:43:57  warn rootless{opt/conda/lib/jvm/legal/jdk.internal.le/ADDITIONAL_LICENSE_INFO} ignoring (usually) harmless EPERM on setxattr "user.rootlesscontainers"
2026/10/02 11:43:57  warn rootless{opt/conda/lib/jvm/legal/jdk.internal.le/ASSEMBLY_EXCEPTION} ignoring (usually) harmless EPERM on setxattr "user.rootlesscontainers"
2026/10/02 11:43:57  warn rootless{opt/conda/lib/jvm/legal/jdk.internal.le/LICENSE} ignoring (usually) harmless EPERM on setxattr "user.rootlesscontainers"
2026/10/02 11:43:57  warn rootless{opt/conda/lib/jvm/legal/jdk.internal.md/ADDITIONAL_LICENSE_INFO} ignoring (usually) harmless EPERM on setxattr "user.rootlesscontainers"
2026/10/02 11:43:57  warn rootless{opt/conda/lib/jvm/legal/jdk.internal.md/ASSEMBLY_EXCEPTION} ignoring (usually) harmless EPERM on setxattr "user.rootlesscontainers"
2026/10/02 11:43:58  warn rootless{opt/conda/lib/jvm/legal/jdk.internal.md/LICENSE} ignoring (usually) harmless EPERM on setxattr "user.rootlesscontainers"
2026/10/02 11:43:58  warn rootless{opt/conda/lib/jvm/legal/jdk.internal.opt/ADDITIONAL_LICENSE_INFO} ignoring (usually) harmless EPERM on setxattr "user.rootlesscontainers"
2026/10/02 11:43:58  warn rootless{opt/conda/lib/jvm/legal/jdk.internal.opt/ASSEMBLY_EXCEPTION} ignoring (usually) harmless EPERM on setxattr "user.rootlesscontainers"
2026/10/02 11:43:58  warn rootless{opt/conda/lib/jvm/legal/jdk.internal.opt/LICENSE} ignoring (usually) harmless EPERM on setxattr "user.rootlesscontainers"
2026/10/02 11:43:58  warn rootless{opt/conda/lib/jvm/legal/jdk.internal.vm.ci/ADDITIONAL_LICENSE_INFO} ignoring (usually) harmless EPERM on setxattr "user.rootlesscontainers"
2026/10/02 11:43:58  warn rootless{opt/conda/lib/jvm/legal/jdk.internal.vm.ci/ASSEMBLY_EXCEPTION} ignoring (usually) harmless EPERM on setxattr "user.rootlesscontainers"
2026/10/02 11:43:58  warn rootless{opt/conda/lib/jvm/legal/jdk.internal.vm.ci/LICENSE} ignoring (usually) harmless EPERM on setxattr "user.rootlesscontainers"
2026/10/02 11:43:58  warn rootless{opt/conda/lib/jvm/legal/jdk.jartool/ADDITIONAL_LICENSE_INFO} ignoring (usually) harmless EPERM on setxattr "user.rootlesscontainers"
2026/10/02 11:43:58  warn rootless{opt/conda/lib/jvm/legal/jdk.jartool/ASSEMBLY_EXCEPTION} ignoring (usually) harmless EPERM on setxattr "user.rootlesscontainers"
2026/10/02 11:43:58  warn rootless{opt/conda/lib/jvm/legal/jdk.jartool/LICENSE} ignoring (usually) harmless EPERM on setxattr "user.rootlesscontainers"
2026/10/02 11:43:58  warn rootless{opt/conda/lib/jvm/legal/jdk.javadoc/ADDITIONAL_LICENSE_INFO} ignoring (usually) harmless EPERM on setxattr "user.rootlesscontainers"
2026/10/02 11:43:58  warn rootless{opt/conda/lib/jvm/legal/jdk.javadoc/ASSEMBLY_EXCEPTION} ignoring (usually) harmless EPERM on setxattr "user.rootlesscontainers"
2026/10/02 11:43:58  warn rootless{opt/conda/lib/jvm/legal/jdk.javadoc/LICENSE} ignoring (usually) harmless EPERM on setxattr "user.rootlesscontainers"
2026/10/02 11:43:59  warn rootless{opt/conda/lib/jvm/legal/jdk.jcmd/ADDITIONAL_LICENSE_INFO} ignoring (usually) harmless EPERM on setxattr "user.rootlesscontainers"
2026/10/02 11:43:59  warn rootless{opt/conda/lib/jvm/legal/jdk.jcmd/ASSEMBLY_EXCEPTION} ignoring (usually) harmless EPERM on setxattr "user.rootlesscontainers"
2026/10/02 11:43:59  warn rootless{opt/conda/lib/jvm/legal/jdk.jcmd/LICENSE} ignoring (usually) harmless EPERM on setxattr "user.rootlesscontainers"
2026/10/02 11:43:59  warn rootless{opt/conda/lib/jvm/legal/jdk.jconsole/ADDITIONAL_LICENSE_INFO} ignoring (usually) harmless EPERM on setxattr "user.rootlesscontainers"
2026/10/02 11:43:59  warn rootless{opt/conda/lib/jvm/legal/jdk.jconsole/ASSEMBLY_EXCEPTION} ignoring (usually) harmless EPERM on setxattr "user.rootlesscontainers"
2026/10/02 11:43:59  warn rootless{opt/conda/lib/jvm/legal/jdk.jconsole/LICENSE} ignoring (usually) harmless EPERM on setxattr "user.rootlesscontainers"
2026/10/02 11:43:59  warn rootless{opt/conda/lib/jvm/legal/jdk.jdeps/ADDITIONAL_LICENSE_INFO} ignoring (usually) harmless EPERM on setxattr "user.rootlesscontainers"
2026/10/02 11:43:59  warn rootless{opt/conda/lib/jvm/legal/jdk.jdeps/ASSEMBLY_EXCEPTION} ignoring (usually) harmless EPERM on setxattr "user.rootlesscontainers"
2026/10/02 11:43:59  warn rootless{opt/conda/lib/jvm/legal/jdk.jdeps/LICENSE} ignoring (usually) harmless EPERM on setxattr "user.rootlesscontainers"
2026/10/02 11:43:59  warn rootless{opt/conda/lib/jvm/legal/jdk.jdi/ADDITIONAL_LICENSE_INFO} ignoring (usually) harmless EPERM on setxattr "user.rootlesscontainers"
2026/10/02 11:43:59  warn rootless{opt/conda/lib/jvm/legal/jdk.jdi/ASSEMBLY_EXCEPTION} ignoring (usually) harmless EPERM on setxattr "user.rootlesscontainers"
2026/10/02 11:43:59  warn rootless{opt/conda/lib/jvm/legal/jdk.jdi/LICENSE} ignoring (usually) harmless EPERM on setxattr "user.rootlesscontainers"
2026/10/02 11:43:59  warn rootless{opt/conda/lib/jvm/legal/jdk.jdwp.agent/ADDITIONAL_LICENSE_INFO} ignoring (usually) harmless EPERM on setxattr "user.rootlesscontainers"
2026/10/02 11:43:59  warn rootless{opt/conda/lib/jvm/legal/jdk.jdwp.agent/ASSEMBLY_EXCEPTION} ignoring (usually) harmless EPERM on setxattr "user.rootlesscontainers"
2026/10/02 11:43:59  warn rootless{opt/conda/lib/jvm/legal/jdk.jdwp.agent/LICENSE} ignoring (usually) harmless EPERM on setxattr "user.rootlesscontainers"
2026/10/02 11:43:59  warn rootless{opt/conda/lib/jvm/legal/jdk.jfr/ADDITIONAL_LICENSE_INFO} ignoring (usually) harmless EPERM on setxattr "user.rootlesscontainers"
2026/10/02 11:43:59  warn rootless{opt/conda/lib/jvm/legal/jdk.jfr/ASSEMBLY_EXCEPTION} ignoring (usually) harmless EPERM on setxattr "user.rootlesscontainers"
2026/10/02 11:43:59  warn rootless{opt/conda/lib/jvm/legal/jdk.jfr/LICENSE} ignoring (usually) harmless EPERM on setxattr "user.rootlesscontainers"
2026/10/02 11:43:59  warn rootless{opt/conda/lib/jvm/legal/jdk.jlink/ADDITIONAL_LICENSE_INFO} ignoring (usually) harmless EPERM on setxattr "user.rootlesscontainers"
2026/10/02 11:44:00  warn rootless{opt/conda/lib/jvm/legal/jdk.jlink/ASSEMBLY_EXCEPTION} ignoring (usually) harmless EPERM on setxattr "user.rootlesscontainers"
2026/10/02 11:44:00  warn rootless{opt/conda/lib/jvm/legal/jdk.jlink/LICENSE} ignoring (usually) harmless EPERM on setxattr "user.rootlesscontainers"
2026/10/02 11:44:00  warn rootless{opt/conda/lib/jvm/legal/jdk.jpackage/ADDITIONAL_LICENSE_INFO} ignoring (usually) harmless EPERM on setxattr "user.rootlesscontainers"
2026/10/02 11:44:00  warn rootless{opt/conda/lib/jvm/legal/jdk.jpackage/ASSEMBLY_EXCEPTION} ignoring (usually) harmless EPERM on setxattr "user.rootlesscontainers"
2026/10/02 11:44:00  warn rootless{opt/conda/lib/jvm/legal/jdk.jpackage/LICENSE} ignoring (usually) harmless EPERM on setxattr "user.rootlesscontainers"
2026/10/02 11:44:00  warn rootless{opt/conda/lib/jvm/legal/jdk.jshell/ADDITIONAL_LICENSE_INFO} ignoring (usually) harmless EPERM on setxattr "user.rootlesscontainers"
2026/10/02 11:44:00  warn rootless{opt/conda/lib/jvm/legal/jdk.jshell/ASSEMBLY_EXCEPTION} ignoring (usually) harmless EPERM on setxattr "user.rootlesscontainers"
2026/10/02 11:44:00  warn rootless{opt/conda/lib/jvm/legal/jdk.jshell/LICENSE} ignoring (usually) harmless EPERM on setxattr "user.rootlesscontainers"
2026/10/02 11:44:00  warn rootless{opt/conda/lib/jvm/legal/jdk.jsobject/ADDITIONAL_LICENSE_INFO} ignoring (usually) harmless EPERM on setxattr "user.rootlesscontainers"
2026/10/02 11:44:00  warn rootless{opt/conda/lib/jvm/legal/jdk.jsobject/ASSEMBLY_EXCEPTION} ignoring (usually) harmless EPERM on setxattr "user.rootlesscontainers"
2026/10/02 11:44:00  warn rootless{opt/conda/lib/jvm/legal/jdk.jsobject/LICENSE} ignoring (usually) harmless EPERM on setxattr "user.rootlesscontainers"
2026/10/02 11:44:00  warn rootless{opt/conda/lib/jvm/legal/jdk.jstatd/ADDITIONAL_LICENSE_INFO} ignoring (usually) harmless EPERM on setxattr "user.rootlesscontainers"
2026/10/02 11:44:00  warn rootless{opt/conda/lib/jvm/legal/jdk.jstatd/ASSEMBLY_EXCEPTION} ignoring (usually) harmless EPERM on setxattr "user.rootlesscontainers"
2026/10/02 11:44:00  warn rootless{opt/conda/lib/jvm/legal/jdk.jstatd/LICENSE} ignoring (usually) harmless EPERM on setxattr "user.rootlesscontainers"
2026/10/02 11:44:00  warn rootless{opt/conda/lib/jvm/legal/jdk.localedata/ADDITIONAL_LICENSE_INFO} ignoring (usually) harmless EPERM on setxattr "user.rootlesscontainers"
2026/10/02 11:44:00  warn rootless{opt/conda/lib/jvm/legal/jdk.localedata/ASSEMBLY_EXCEPTION} ignoring (usually) harmless EPERM on setxattr "user.rootlesscontainers"
2026/10/02 11:44:00  warn rootless{opt/conda/lib/jvm/legal/jdk.localedata/LICENSE} ignoring (usually) harmless EPERM on setxattr "user.rootlesscontainers"
2026/10/02 11:44:00  warn rootless{opt/conda/lib/jvm/legal/jdk.localedata/cldr.md} ignoring (usually) harmless EPERM on setxattr "user.rootlesscontainers"
2026/10/02 11:44:01  warn rootless{opt/conda/lib/jvm/legal/jdk.management/ADDITIONAL_LICENSE_INFO} ignoring (usually) harmless EPERM on setxattr "user.rootlesscontainers"
2026/10/02 11:44:01  warn rootless{opt/conda/lib/jvm/legal/jdk.management/ASSEMBLY_EXCEPTION} ignoring (usually) harmless EPERM on setxattr "user.rootlesscontainers"
2026/10/02 11:44:01  warn rootless{opt/conda/lib/jvm/legal/jdk.management/LICENSE} ignoring (usually) harmless EPERM on setxattr "user.rootlesscontainers"
2026/10/02 11:44:01  warn rootless{opt/conda/lib/jvm/legal/jdk.management.agent/ADDITIONAL_LICENSE_INFO} ignoring (usually) harmless EPERM on setxattr "user.rootlesscontainers"
2026/10/02 11:44:01  warn rootless{opt/conda/lib/jvm/legal/jdk.management.agent/ASSEMBLY_EXCEPTION} ignoring (usually) harmless EPERM on setxattr "user.rootlesscontainers"
2026/10/02 11:44:01  warn rootless{opt/conda/lib/jvm/legal/jdk.management.agent/LICENSE} ignoring (usually) harmless EPERM on setxattr "user.rootlesscontainers"
2026/10/02 11:44:01  warn rootless{opt/conda/lib/jvm/legal/jdk.management.jfr/ADDITIONAL_LICENSE_INFO} ignoring (usually) harmless EPERM on setxattr "user.rootlesscontainers"
2026/10/02 11:44:01  warn rootless{opt/conda/lib/jvm/legal/jdk.management.jfr/ASSEMBLY_EXCEPTION} ignoring (usually) harmless EPERM on setxattr "user.rootlesscontainers"
2026/10/02 11:44:01  warn rootless{opt/conda/lib/jvm/legal/jdk.management.jfr/LICENSE} ignoring (usually) harmless EPERM on setxattr "user.rootlesscontainers"
2026/10/02 11:44:01  warn rootless{opt/conda/lib/jvm/legal/jdk.naming.dns/ADDITIONAL_LICENSE_INFO} ignoring (usually) harmless EPERM on setxattr "user.rootlesscontainers"
2026/10/02 11:44:01  warn rootless{opt/conda/lib/jvm/legal/jdk.naming.dns/ASSEMBLY_EXCEPTION} ignoring (usually) harmless EPERM on setxattr "user.rootlesscontainers"
2026/10/02 11:44:01  warn rootless{opt/conda/lib/jvm/legal/jdk.naming.dns/LICENSE} ignoring (usually) harmless EPERM on setxattr "user.rootlesscontainers"
2026/10/02 11:44:01  warn rootless{opt/conda/lib/jvm/legal/jdk.naming.rmi/ADDITIONAL_LICENSE_INFO} ignoring (usually) harmless EPERM on setxattr "user.rootlesscontainers"
2026/10/02 11:44:01  warn rootless{opt/conda/lib/jvm/legal/jdk.naming.rmi/ASSEMBLY_EXCEPTION} ignoring (usually) harmless EPERM on setxattr "user.rootlesscontainers"
2026/10/02 11:44:01  warn rootless{opt/conda/lib/jvm/legal/jdk.naming.rmi/LICENSE} ignoring (usually) harmless EPERM on setxattr "user.rootlesscontainers"
2026/10/02 11:44:02  warn rootless{opt/conda/lib/jvm/legal/jdk.net/ADDITIONAL_LICENSE_INFO} ignoring (usually) harmless EPERM on setxattr "user.rootlesscontainers"
2026/10/02 11:44:02  warn rootless{opt/conda/lib/jvm/legal/jdk.net/ASSEMBLY_EXCEPTION} ignoring (usually) harmless EPERM on setxattr "user.rootlesscontainers"
2026/10/02 11:44:02  warn rootless{opt/conda/lib/jvm/legal/jdk.net/LICENSE} ignoring (usually) harmless EPERM on setxattr "user.rootlesscontainers"
2026/10/02 11:44:02  warn rootless{opt/conda/lib/jvm/legal/jdk.nio.mapmode/ADDITIONAL_LICENSE_INFO} ignoring (usually) harmless EPERM on setxattr "user.rootlesscontainers"
2026/10/02 11:44:02  warn rootless{opt/conda/lib/jvm/legal/jdk.nio.mapmode/ASSEMBLY_EXCEPTION} ignoring (usually) harmless EPERM on setxattr "user.rootlesscontainers"
2026/10/02 11:44:02  warn rootless{opt/conda/lib/jvm/legal/jdk.nio.mapmode/LICENSE} ignoring (usually) harmless EPERM on setxattr "user.rootlesscontainers"
2026/10/02 11:44:02  warn rootless{opt/conda/lib/jvm/legal/jdk.sctp/ADDITIONAL_LICENSE_INFO} ignoring (usually) harmless EPERM on setxattr "user.rootlesscontainers"
2026/10/02 11:44:02  warn rootless{opt/conda/lib/jvm/legal/jdk.sctp/ASSEMBLY_EXCEPTION} ignoring (usually) harmless EPERM on setxattr "user.rootlesscontainers"
2026/10/02 11:44:02  warn rootless{opt/conda/lib/jvm/legal/jdk.sctp/LICENSE} ignoring (usually) harmless EPERM on setxattr "user.rootlesscontainers"
2026/10/02 11:44:02  warn rootless{opt/conda/lib/jvm/legal/jdk.security.auth/ADDITIONAL_LICENSE_INFO} ignoring (usually) harmless EPERM on setxattr "user.rootlesscontainers"
2026/10/02 11:44:02  warn rootless{opt/conda/lib/jvm/legal/jdk.security.auth/ASSEMBLY_EXCEPTION} ignoring (usually) harmless EPERM on setxattr "user.rootlesscontainers"
2026/10/02 11:44:02  warn rootless{opt/conda/lib/jvm/legal/jdk.security.auth/LICENSE} ignoring (usually) harmless EPERM on setxattr "user.rootlesscontainers"
2026/10/02 11:44:02  warn rootless{opt/conda/lib/jvm/legal/jdk.security.jgss/ADDITIONAL_LICENSE_INFO} ignoring (usually) harmless EPERM on setxattr "user.rootlesscontainers"
2026/10/02 11:44:02  warn rootless{opt/conda/lib/jvm/legal/jdk.security.jgss/ASSEMBLY_EXCEPTION} ignoring (usually) harmless EPERM on setxattr "user.rootlesscontainers"
2026/10/02 11:44:02  warn rootless{opt/conda/lib/jvm/legal/jdk.security.jgss/LICENSE} ignoring (usually) harmless EPERM on setxattr "user.rootlesscontainers"
2026/10/02 11:44:02  warn rootless{opt/conda/lib/jvm/legal/jdk.unsupported/ADDITIONAL_LICENSE_INFO} ignoring (usually) harmless EPERM on setxattr "user.rootlesscontainers"
2026/10/02 11:44:02  warn rootless{opt/conda/lib/jvm/legal/jdk.unsupported/ASSEMBLY_EXCEPTION} ignoring (usually) harmless EPERM on setxattr "user.rootlesscontainers"
2026/10/02 11:44:02  warn rootless{opt/conda/lib/jvm/legal/jdk.unsupported/LICENSE} ignoring (usually) harmless EPERM on setxattr "user.rootlesscontainers"
2026/10/02 11:44:03  warn rootless{opt/conda/lib/jvm/legal/jdk.unsupported.desktop/ADDITIONAL_LICENSE_INFO} ignoring (usually) harmless EPERM on setxattr "user.rootlesscontainers"
2026/10/02 11:44:03  warn rootless{opt/conda/lib/jvm/legal/jdk.unsupported.desktop/ASSEMBLY_EXCEPTION} ignoring (usually) harmless EPERM on setxattr "user.rootlesscontainers"
2026/10/02 11:44:03  warn rootless{opt/conda/lib/jvm/legal/jdk.unsupported.desktop/LICENSE} ignoring (usually) harmless EPERM on setxattr "user.rootlesscontainers"
2026/10/02 11:44:03  warn rootless{opt/conda/lib/jvm/legal/jdk.xml.dom/ADDITIONAL_LICENSE_INFO} ignoring (usually) harmless EPERM on setxattr "user.rootlesscontainers"
2026/10/02 11:44:03  warn rootless{opt/conda/lib/jvm/legal/jdk.xml.dom/ASSEMBLY_EXCEPTION} ignoring (usually) harmless EPERM on setxattr "user.rootlesscontainers"
2026/10/02 11:44:03  warn rootless{opt/conda/lib/jvm/legal/jdk.xml.dom/LICENSE} ignoring (usually) harmless EPERM on setxattr "user.rootlesscontainers"
2026/10/02 11:44:03  warn rootless{opt/conda/lib/jvm/legal/jdk.zipfs/ADDITIONAL_LICENSE_INFO} ignoring (usually) harmless EPERM on setxattr "user.rootlesscontainers"
2026/10/02 11:44:03  warn rootless{opt/conda/lib/jvm/legal/jdk.zipfs/ASSEMBLY_EXCEPTION} ignoring (usually) harmless EPERM on setxattr "user.rootlesscontainers"
2026/10/02 11:44:03  warn rootless{opt/conda/lib/jvm/legal/jdk.zipfs/LICENSE} ignoring (usually) harmless EPERM on setxattr "user.rootlesscontainers"
2026/10/02 11:44:12  warn rootless{opt/conda/lib/libICE.so} ignoring (usually) harmless EPERM on setxattr "user.rootlesscontainers"
2026/10/02 11:44:12  warn rootless{opt/conda/lib/libICE.so.6} ignoring (usually) harmless EPERM on setxattr "user.rootlesscontainers"
2026/10/02 11:44:13  warn rootless{opt/conda/lib/libLerc.so} ignoring (usually) harmless EPERM on setxattr "user.rootlesscontainers"
2026/10/02 11:44:13  warn rootless{opt/conda/lib/libSM.so} ignoring (usually) harmless EPERM on setxattr "user.rootlesscontainers"
2026/10/02 11:44:13  warn rootless{opt/conda/lib/libSM.so.6} ignoring (usually) harmless EPERM on setxattr "user.rootlesscontainers"
2026/10/02 11:44:13  warn rootless{opt/conda/lib/libX11-xcb.so} ignoring (usually) harmless EPERM on setxattr "user.rootlesscontainers"
2026/10/02 11:44:13  warn rootless{opt/conda/lib/libX11-xcb.so.1} ignoring (usually) harmless EPERM on setxattr "user.rootlesscontainers"
2026/10/02 11:44:13  warn rootless{opt/conda/lib/libX11.so} ignoring (usually) harmless EPERM on setxattr "user.rootlesscontainers"
2026/10/02 11:44:13  warn rootless{opt/conda/lib/libX11.so.6} ignoring (usually) harmless EPERM on setxattr "user.rootlesscontainers"
2026/10/02 11:44:13  warn rootless{opt/conda/lib/libXau.so} ignoring (usually) harmless EPERM on setxattr "user.rootlesscontainers"
2026/10/02 11:44:13  warn rootless{opt/conda/lib/libXau.so.6} ignoring (usually) harmless EPERM on setxattr "user.rootlesscontainers"
2026/10/02 11:44:13  warn rootless{opt/conda/lib/libXdmcp.so} ignoring (usually) harmless EPERM on setxattr "user.rootlesscontainers"
2026/10/02 11:44:13  warn rootless{opt/conda/lib/libXdmcp.so.6} ignoring (usually) harmless EPERM on setxattr "user.rootlesscontainers"
2026/10/02 11:44:13  warn rootless{opt/conda/lib/libXext.so} ignoring (usually) harmless EPERM on setxattr "user.rootlesscontainers"
2026/10/02 11:44:13  warn rootless{opt/conda/lib/libXext.so.6} ignoring (usually) harmless EPERM on setxattr "user.rootlesscontainers"
2026/10/02 11:44:13  warn rootless{opt/conda/lib/libXfixes.so} ignoring (usually) harmless EPERM on setxattr "user.rootlesscontainers"
2026/10/02 11:44:13  warn rootless{opt/conda/lib/libXfixes.so.3} ignoring (usually) harmless EPERM on setxattr "user.rootlesscontainers"
2026/10/02 11:44:14  warn rootless{opt/conda/lib/libXi.so} ignoring (usually) harmless EPERM on setxattr "user.rootlesscontainers"
2026/10/02 11:44:14  warn rootless{opt/conda/lib/libXi.so.6} ignoring (usually) harmless EPERM on setxattr "user.rootlesscontainers"
2026/10/02 11:44:14  warn rootless{opt/conda/lib/libXrandr.so} ignoring (usually) harmless EPERM on setxattr "user.rootlesscontainers"
2026/10/02 11:44:14  warn rootless{opt/conda/lib/libXrandr.so.2} ignoring (usually) harmless EPERM on setxattr "user.rootlesscontainers"
2026/10/02 11:44:14  warn rootless{opt/conda/lib/libXrender.so} ignoring (usually) harmless EPERM on setxattr "user.rootlesscontainers"
2026/10/02 11:44:14  warn rootless{opt/conda/lib/libXrender.so.1} ignoring (usually) harmless EPERM on setxattr "user.rootlesscontainers"
2026/10/02 11:44:14  warn rootless{opt/conda/lib/libXt.so} ignoring (usually) harmless EPERM on setxattr "user.rootlesscontainers"
2026/10/02 11:44:14  warn rootless{opt/conda/lib/libXt.so.6} ignoring (usually) harmless EPERM on setxattr "user.rootlesscontainers"
2026/10/02 11:44:14  warn rootless{opt/conda/lib/libXtst.so} ignoring (usually) harmless EPERM on setxattr "user.rootlesscontainers"
2026/10/02 11:44:14  warn rootless{opt/conda/lib/libXtst.so.6} ignoring (usually) harmless EPERM on setxattr "user.rootlesscontainers"
2026/10/02 11:44:14  warn rootless{opt/conda/lib/libasound.so} ignoring (usually) harmless EPERM on setxattr "user.rootlesscontainers"
2026/10/02 11:44:14  warn rootless{opt/conda/lib/libasound.so.2} ignoring (usually) harmless EPERM on setxattr "user.rootlesscontainers"
2026/10/02 11:44:14  warn rootless{opt/conda/lib/libatomic.so} ignoring (usually) harmless EPERM on setxattr "user.rootlesscontainers"
2026/10/02 11:44:14  warn rootless{opt/conda/lib/libatomic.so.1} ignoring (usually) harmless EPERM on setxattr "user.rootlesscontainers"
2026/10/02 11:44:14  warn rootless{opt/conda/lib/libatopology.so} ignoring (usually) harmless EPERM on setxattr "user.rootlesscontainers"
2026/10/02 11:44:15  warn rootless{opt/conda/lib/libatopology.so.2} ignoring (usually) harmless EPERM on setxattr "user.rootlesscontainers"
2026/10/02 11:44:15  warn rootless{opt/conda/lib/libblas.so} ignoring (usually) harmless EPERM on setxattr "user.rootlesscontainers"
2026/10/02 11:44:15  warn rootless{opt/conda/lib/libblas.so.3} ignoring (usually) harmless EPERM on setxattr "user.rootlesscontainers"
2026/10/02 11:44:15  warn rootless{opt/conda/lib/libbz2.so} ignoring (usually) harmless EPERM on setxattr "user.rootlesscontainers"
2026/10/02 11:44:15  warn rootless{opt/conda/lib/libbz2.so.1.0} ignoring (usually) harmless EPERM on setxattr "user.rootlesscontainers"
2026/10/02 11:44:15  warn rootless{opt/conda/lib/libcairo-gobject.so} ignoring (usually) harmless EPERM on setxattr "user.rootlesscontainers"
2026/10/02 11:44:15  warn rootless{opt/conda/lib/libcairo-gobject.so.2} ignoring (usually) harmless EPERM on setxattr "user.rootlesscontainers"
2026/10/02 11:44:15  warn rootless{opt/conda/lib/libcairo-script-interpreter.so} ignoring (usually) harmless EPERM on setxattr "user.rootlesscontainers"
2026/10/02 11:44:15  warn rootless{opt/conda/lib/libcairo-script-interpreter.so.2} ignoring (usually) harmless EPERM on setxattr "user.rootlesscontainers"
2026/10/02 11:44:15  warn rootless{opt/conda/lib/libcairo.so} ignoring (usually) harmless EPERM on setxattr "user.rootlesscontainers"
2026/10/02 11:44:16  warn rootless{opt/conda/lib/libcairo.so.2} ignoring (usually) harmless EPERM on setxattr "user.rootlesscontainers"
2026/10/02 11:44:16  warn rootless{opt/conda/lib/libcares.so} ignoring (usually) harmless EPERM on setxattr "user.rootlesscontainers"
2026/10/02 11:44:16  warn rootless{opt/conda/lib/libcares.so.2} ignoring (usually) harmless EPERM on setxattr "user.rootlesscontainers"
2026/10/02 11:44:16  warn rootless{opt/conda/lib/libcblas.so} ignoring (usually) harmless EPERM on setxattr "user.rootlesscontainers"
2026/10/02 11:44:16  warn rootless{opt/conda/lib/libcblas.so.3} ignoring (usually) harmless EPERM on setxattr "user.rootlesscontainers"
2026/10/02 11:44:16  warn rootless{opt/conda/lib/libcharset.so} ignoring (usually) harmless EPERM on setxattr "user.rootlesscontainers"
2026/10/02 11:44:16  warn rootless{opt/conda/lib/libcharset.so.1} ignoring (usually) harmless EPERM on setxattr "user.rootlesscontainers"
2026/10/02 11:44:16  warn rootless{opt/conda/lib/libcom_err.so} ignoring (usually) harmless EPERM on setxattr "user.rootlesscontainers"
2026/10/02 11:44:16  warn rootless{opt/conda/lib/libcom_err.so.3} ignoring (usually) harmless EPERM on setxattr "user.rootlesscontainers"
2026/10/02 11:44:16  warn rootless{opt/conda/lib/libcrypt.so} ignoring (usually) harmless EPERM on setxattr "user.rootlesscontainers"
2026/10/02 11:44:16  warn rootless{opt/conda/lib/libcrypt.so.2} ignoring (usually) harmless EPERM on setxattr "user.rootlesscontainers"
2026/10/02 11:44:16  warn rootless{opt/conda/lib/libcrypto.so} ignoring (usually) harmless EPERM on setxattr "user.rootlesscontainers"
2026/10/02 11:44:17  warn rootless{opt/conda/lib/libcups.so} ignoring (usually) harmless EPERM on setxattr "user.rootlesscontainers"
2026/10/02 11:44:17  warn rootless{opt/conda/lib/libcupsimage.so} ignoring (usually) harmless EPERM on setxattr "user.rootlesscontainers"
2026/10/02 11:44:17  warn rootless{opt/conda/lib/libcurl.so} ignoring (usually) harmless EPERM on setxattr "user.rootlesscontainers"
2026/10/02 11:44:17  warn rootless{opt/conda/lib/libcurl.so.4} ignoring (usually) harmless EPERM on setxattr "user.rootlesscontainers"
2026/10/02 11:44:17  warn rootless{opt/conda/lib/libdeflate.so} ignoring (usually) harmless EPERM on setxattr "user.rootlesscontainers"
2026/10/02 11:44:17  warn rootless{opt/conda/lib/libedit.so} ignoring (usually) harmless EPERM on setxattr "user.rootlesscontainers"
2026/10/02 11:44:17  warn rootless{opt/conda/lib/libedit.so.0} ignoring (usually) harmless EPERM on setxattr "user.rootlesscontainers"
2026/10/02 11:44:17  warn rootless{opt/conda/lib/libev.so} ignoring (usually) harmless EPERM on setxattr "user.rootlesscontainers"
2026/10/02 11:44:17  warn rootless{opt/conda/lib/libev.so.4} ignoring (usually) harmless EPERM on setxattr "user.rootlesscontainers"
2026/10/02 11:44:18  warn rootless{opt/conda/lib/libexpat.so} ignoring (usually) harmless EPERM on setxattr "user.rootlesscontainers"
2026/10/02 11:44:18  warn rootless{opt/conda/lib/libexpat.so.1} ignoring (usually) harmless EPERM on setxattr "user.rootlesscontainers"
2026/10/02 11:44:18  warn rootless{opt/conda/lib/libffi.so} ignoring (usually) harmless EPERM on setxattr "user.rootlesscontainers"
2026/10/02 11:44:18  warn rootless{opt/conda/lib/libffi.so.8} ignoring (usually) harmless EPERM on setxattr "user.rootlesscontainers"
2026/10/02 11:44:18  warn rootless{opt/conda/lib/libfontconfig.so} ignoring (usually) harmless EPERM on setxattr "user.rootlesscontainers"
2026/10/02 11:44:18  warn rootless{opt/conda/lib/libfontconfig.so.1} ignoring (usually) harmless EPERM on setxattr "user.rootlesscontainers"
2026/10/02 11:44:18  warn rootless{opt/conda/lib/libform.so} ignoring (usually) harmless EPERM on setxattr "user.rootlesscontainers"
2026/10/02 11:44:18  warn rootless{opt/conda/lib/libform.so.6} ignoring (usually) harmless EPERM on setxattr "user.rootlesscontainers"
2026/10/02 11:44:18  warn rootless{opt/conda/lib/libformw.so} ignoring (usually) harmless EPERM on setxattr "user.rootlesscontainers"
2026/10/02 11:44:19  warn rootless{opt/conda/lib/libformw.so.6} ignoring (usually) harmless EPERM on setxattr "user.rootlesscontainers"
2026/10/02 11:44:19  warn rootless{opt/conda/lib/libfreetype.so} ignoring (usually) harmless EPERM on setxattr "user.rootlesscontainers"
2026/10/02 11:44:19  warn rootless{opt/conda/lib/libfreetype.so.6} ignoring (usually) harmless EPERM on setxattr "user.rootlesscontainers"
2026/10/02 11:44:19  warn rootless{opt/conda/lib/libgfortran.so} ignoring (usually) harmless EPERM on setxattr "user.rootlesscontainers"
2026/10/02 11:44:19  warn rootless{opt/conda/lib/libgfortran.so.5} ignoring (usually) harmless EPERM on setxattr "user.rootlesscontainers"
2026/10/02 11:44:20  warn rootless{opt/conda/lib/libgif.so} ignoring (usually) harmless EPERM on setxattr "user.rootlesscontainers"
2026/10/02 11:44:20  warn rootless{opt/conda/lib/libgif.so.7} ignoring (usually) harmless EPERM on setxattr "user.rootlesscontainers"
2026/10/02 11:44:20  warn rootless{opt/conda/lib/libgio-2.0.so.0} ignoring (usually) harmless EPERM on setxattr "user.rootlesscontainers"
2026/10/02 11:44:20  warn rootless{opt/conda/lib/libgirepository-2.0.so} ignoring (usually) harmless EPERM on setxattr "user.rootlesscontainers"
2026/10/02 11:44:20  warn rootless{opt/conda/lib/libgirepository-2.0.so.0} ignoring (usually) harmless EPERM on setxattr "user.rootlesscontainers"
2026/10/02 11:44:20  warn rootless{opt/conda/lib/libglib-2.0.so.0} ignoring (usually) harmless EPERM on setxattr "user.rootlesscontainers"
2026/10/02 11:44:21  warn rootless{opt/conda/lib/libgmodule-2.0.so.0} ignoring (usually) harmless EPERM on setxattr "user.rootlesscontainers"
2026/10/02 11:44:21  warn rootless{opt/conda/lib/libgobject-2.0.so.0} ignoring (usually) harmless EPERM on setxattr "user.rootlesscontainers"
2026/10/02 11:44:21  warn rootless{opt/conda/lib/libgomp.so} ignoring (usually) harmless EPERM on setxattr "user.rootlesscontainers"
2026/10/02 11:44:21  warn rootless{opt/conda/lib/libgomp.so.1} ignoring (usually) harmless EPERM on setxattr "user.rootlesscontainers"
2026/10/02 11:44:21  warn rootless{opt/conda/lib/libgraphite2.so} ignoring (usually) harmless EPERM on setxattr "user.rootlesscontainers"
2026/10/02 11:44:21  warn rootless{opt/conda/lib/libgraphite2.so.3} ignoring (usually) harmless EPERM on setxattr "user.rootlesscontainers"
2026/10/02 11:44:21  warn rootless{opt/conda/lib/libgsl.so} ignoring (usually) harmless EPERM on setxattr "user.rootlesscontainers"
2026/10/02 11:44:21  warn rootless{opt/conda/lib/libgsl.so.25} ignoring (usually) harmless EPERM on setxattr "user.rootlesscontainers"
2026/10/02 11:44:22  warn rootless{opt/conda/lib/libgslcblas.so} ignoring (usually) harmless EPERM on setxattr "user.rootlesscontainers"
2026/10/02 11:44:22  warn rootless{opt/conda/lib/libgslcblas.so.0} ignoring (usually) harmless EPERM on setxattr "user.rootlesscontainers"
2026/10/02 11:44:22  warn rootless{opt/conda/lib/libgssapi_krb5.so} ignoring (usually) harmless EPERM on setxattr "user.rootlesscontainers"
2026/10/02 11:44:22  warn rootless{opt/conda/lib/libgssapi_krb5.so.2} ignoring (usually) harmless EPERM on setxattr "user.rootlesscontainers"
2026/10/02 11:44:22  warn rootless{opt/conda/lib/libgssrpc.so} ignoring (usually) harmless EPERM on setxattr "user.rootlesscontainers"
2026/10/02 11:44:22  warn rootless{opt/conda/lib/libgssrpc.so.4} ignoring (usually) harmless EPERM on setxattr "user.rootlesscontainers"
2026/10/02 11:44:22  warn rootless{opt/conda/lib/libgthread-2.0.so.0} ignoring (usually) harmless EPERM on setxattr "user.rootlesscontainers"
2026/10/02 11:44:23  warn rootless{opt/conda/lib/libharfbuzz-cairo.so} ignoring (usually) harmless EPERM on setxattr "user.rootlesscontainers"
2026/10/02 11:44:23  warn rootless{opt/conda/lib/libharfbuzz-cairo.so.0} ignoring (usually) harmless EPERM on setxattr "user.rootlesscontainers"
2026/10/02 11:44:23  warn rootless{opt/conda/lib/libharfbuzz-gobject.so} ignoring (usually) harmless EPERM on setxattr "user.rootlesscontainers"
2026/10/02 11:44:23  warn rootless{opt/conda/lib/libharfbuzz-gobject.so.0} ignoring (usually) harmless EPERM on setxattr "user.rootlesscontainers"
2026/10/02 11:44:23  warn rootless{opt/conda/lib/libharfbuzz-icu.so} ignoring (usually) harmless EPERM on setxattr "user.rootlesscontainers"
2026/10/02 11:44:23  warn rootless{opt/conda/lib/libharfbuzz-icu.so.0} ignoring (usually) harmless EPERM on setxattr "user.rootlesscontainers"
2026/10/02 11:44:23  warn rootless{opt/conda/lib/libharfbuzz-subset.so} ignoring (usually) harmless EPERM on setxattr "user.rootlesscontainers"
2026/10/02 11:44:23  warn rootless{opt/conda/lib/libharfbuzz-subset.so.0} ignoring (usually) harmless EPERM on setxattr "user.rootlesscontainers"
2026/10/02 11:44:24  warn rootless{opt/conda/lib/libharfbuzz.so} ignoring (usually) harmless EPERM on setxattr "user.rootlesscontainers"
2026/10/02 11:44:24  warn rootless{opt/conda/lib/libharfbuzz.so.0} ignoring (usually) harmless EPERM on setxattr "user.rootlesscontainers"
2026/10/02 11:44:24  warn rootless{opt/conda/lib/libhistory.so} ignoring (usually) harmless EPERM on setxattr "user.rootlesscontainers"
2026/10/02 11:44:24  warn rootless{opt/conda/lib/libhistory.so.8} ignoring (usually) harmless EPERM on setxattr "user.rootlesscontainers"
2026/10/02 11:44:24  warn rootless{opt/conda/lib/libhts.so} ignoring (usually) harmless EPERM on setxattr "user.rootlesscontainers"
2026/10/02 11:44:24  warn rootless{opt/conda/lib/libhts.so.3} ignoring (usually) harmless EPERM on setxattr "user.rootlesscontainers"
2026/10/02 11:44:24  warn rootless{opt/conda/lib/libhwy.so} ignoring (usually) harmless EPERM on setxattr "user.rootlesscontainers"
2026/10/02 11:44:24  warn rootless{opt/conda/lib/libhwy.so.1} ignoring (usually) harmless EPERM on setxattr "user.rootlesscontainers"
2026/10/02 11:44:25  warn rootless{opt/conda/lib/libhwy_contrib.so} ignoring (usually) harmless EPERM on setxattr "user.rootlesscontainers"
2026/10/02 11:44:25  warn rootless{opt/conda/lib/libhwy_contrib.so.1} ignoring (usually) harmless EPERM on setxattr "user.rootlesscontainers"
2026/10/02 11:44:25  warn rootless{opt/conda/lib/libhwy_test.so} ignoring (usually) harmless EPERM on setxattr "user.rootlesscontainers"
2026/10/02 11:44:25  warn rootless{opt/conda/lib/libhwy_test.so.1} ignoring (usually) harmless EPERM on setxattr "user.rootlesscontainers"
2026/10/02 11:44:25  warn rootless{opt/conda/lib/libiconv.so} ignoring (usually) harmless EPERM on setxattr "user.rootlesscontainers"
2026/10/02 11:44:25  warn rootless{opt/conda/lib/libiconv.so.2} ignoring (usually) harmless EPERM on setxattr "user.rootlesscontainers"
2026/10/02 11:44:25  warn rootless{opt/conda/lib/libicudata.so} ignoring (usually) harmless EPERM on setxattr "user.rootlesscontainers"
2026/10/02 11:44:25  warn rootless{opt/conda/lib/libicudata.so.75} ignoring (usually) harmless EPERM on setxattr "user.rootlesscontainers"
2026/10/02 11:44:26  warn rootless{opt/conda/lib/libicui18n.so} ignoring (usually) harmless EPERM on setxattr "user.rootlesscontainers"
2026/10/02 11:44:26  warn rootless{opt/conda/lib/libicui18n.so.75} ignoring (usually) harmless EPERM on setxattr "user.rootlesscontainers"
2026/10/02 11:44:26  warn rootless{opt/conda/lib/libicuio.so} ignoring (usually) harmless EPERM on setxattr "user.rootlesscontainers"
2026/10/02 11:44:26  warn rootless{opt/conda/lib/libicuio.so.75} ignoring (usually) harmless EPERM on setxattr "user.rootlesscontainers"
2026/10/02 11:44:26  warn rootless{opt/conda/lib/libicutest.so} ignoring (usually) harmless EPERM on setxattr "user.rootlesscontainers"
2026/10/02 11:44:26  warn rootless{opt/conda/lib/libicutest.so.75} ignoring (usually) harmless EPERM on setxattr "user.rootlesscontainers"
2026/10/02 11:44:27  warn rootless{opt/conda/lib/libicutu.so} ignoring (usually) harmless EPERM on setxattr "user.rootlesscontainers"
2026/10/02 11:44:27  warn rootless{opt/conda/lib/libicutu.so.75} ignoring (usually) harmless EPERM on setxattr "user.rootlesscontainers"
2026/10/02 11:44:27  warn rootless{opt/conda/lib/libicuuc.so} ignoring (usually) harmless EPERM on setxattr "user.rootlesscontainers"
2026/10/02 11:44:27  warn rootless{opt/conda/lib/libicuuc.so.75} ignoring (usually) harmless EPERM on setxattr "user.rootlesscontainers"
2026/10/02 11:44:27  warn rootless{opt/conda/lib/libisal.so} ignoring (usually) harmless EPERM on setxattr "user.rootlesscontainers"
2026/10/02 11:44:27  warn rootless{opt/conda/lib/libisal.so.2} ignoring (usually) harmless EPERM on setxattr "user.rootlesscontainers"
2026/10/02 11:44:27  warn rootless{opt/conda/lib/libitm.so} ignoring (usually) harmless EPERM on setxattr "user.rootlesscontainers"
2026/10/02 11:44:27  warn rootless{opt/conda/lib/libitm.so.1} ignoring (usually) harmless EPERM on setxattr "user.rootlesscontainers"
2026/10/02 11:44:27  warn rootless{opt/conda/lib/libjpeg.so} ignoring (usually) harmless EPERM on setxattr "user.rootlesscontainers"
2026/10/02 11:44:28  warn rootless{opt/conda/lib/libjpeg.so.8} ignoring (usually) harmless EPERM on setxattr "user.rootlesscontainers"
2026/10/02 11:44:28  warn rootless{opt/conda/lib/libk5crypto.so} ignoring (usually) harmless EPERM on setxattr "user.rootlesscontainers"
2026/10/02 11:44:28  warn rootless{opt/conda/lib/libk5crypto.so.3} ignoring (usually) harmless EPERM on setxattr "user.rootlesscontainers"
2026/10/02 11:44:28  warn rootless{opt/conda/lib/libkadm5clnt.so} ignoring (usually) harmless EPERM on setxattr "user.rootlesscontainers"
2026/10/02 11:44:28  warn rootless{opt/conda/lib/libkadm5clnt_mit.so} ignoring (usually) harmless EPERM on setxattr "user.rootlesscontainers"
2026/10/02 11:44:28  warn rootless{opt/conda/lib/libkadm5clnt_mit.so.12} ignoring (usually) harmless EPERM on setxattr "user.rootlesscontainers"
2026/10/02 11:44:28  warn rootless{opt/conda/lib/libkadm5srv.so} ignoring (usually) harmless EPERM on setxattr "user.rootlesscontainers"
2026/10/02 11:44:28  warn rootless{opt/conda/lib/libkadm5srv_mit.so} ignoring (usually) harmless EPERM on setxattr "user.rootlesscontainers"
2026/10/02 11:44:28  warn rootless{opt/conda/lib/libkadm5srv_mit.so.12} ignoring (usually) harmless EPERM on setxattr "user.rootlesscontainers"
2026/10/02 11:44:28  warn rootless{opt/conda/lib/libkdb5.so} ignoring (usually) harmless EPERM on setxattr "user.rootlesscontainers"
2026/10/02 11:44:28  warn rootless{opt/conda/lib/libkdb5.so.10} ignoring (usually) harmless EPERM on setxattr "user.rootlesscontainers"
2026/10/02 11:44:29  warn rootless{opt/conda/lib/libkeyutils.so} ignoring (usually) harmless EPERM on setxattr "user.rootlesscontainers"
2026/10/02 11:44:29  warn rootless{opt/conda/lib/libkeyutils.so.1} ignoring (usually) harmless EPERM on setxattr "user.rootlesscontainers"
2026/10/02 11:44:29  warn rootless{opt/conda/lib/libkrad.so} ignoring (usually) harmless EPERM on setxattr "user.rootlesscontainers"
2026/10/02 11:44:29  warn rootless{opt/conda/lib/libkrad.so.0} ignoring (usually) harmless EPERM on setxattr "user.rootlesscontainers"
2026/10/02 11:44:29  warn rootless{opt/conda/lib/libkrb5.so} ignoring (usually) harmless EPERM on setxattr "user.rootlesscontainers"
2026/10/02 11:44:29  warn rootless{opt/conda/lib/libkrb5.so.3} ignoring (usually) harmless EPERM on setxattr "user.rootlesscontainers"
2026/10/02 11:44:29  warn rootless{opt/conda/lib/libkrb5support.so} ignoring (usually) harmless EPERM on setxattr "user.rootlesscontainers"
2026/10/02 11:44:29  warn rootless{opt/conda/lib/libkrb5support.so.0} ignoring (usually) harmless EPERM on setxattr "user.rootlesscontainers"
2026/10/02 11:44:29  warn rootless{opt/conda/lib/liblapack.so} ignoring (usually) harmless EPERM on setxattr "user.rootlesscontainers"
2026/10/02 11:44:29  warn rootless{opt/conda/lib/liblapack.so.3} ignoring (usually) harmless EPERM on setxattr "user.rootlesscontainers"
2026/10/02 11:44:29  warn rootless{opt/conda/lib/liblcms2.so} ignoring (usually) harmless EPERM on setxattr "user.rootlesscontainers"
2026/10/02 11:44:29  warn rootless{opt/conda/lib/liblcms2.so.2} ignoring (usually) harmless EPERM on setxattr "user.rootlesscontainers"
2026/10/02 11:44:30  warn rootless{opt/conda/lib/libmenu.so} ignoring (usually) harmless EPERM on setxattr "user.rootlesscontainers"
2026/10/02 11:44:30  warn rootless{opt/conda/lib/libmenu.so.6} ignoring (usually) harmless EPERM on setxattr "user.rootlesscontainers"
2026/10/02 11:44:30  warn rootless{opt/conda/lib/libmenuw.so} ignoring (usually) harmless EPERM on setxattr "user.rootlesscontainers"
2026/10/02 11:44:30  warn rootless{opt/conda/lib/libmenuw.so.6} ignoring (usually) harmless EPERM on setxattr "user.rootlesscontainers"
2026/10/02 11:44:30  warn rootless{opt/conda/lib/libncurses.so.6} ignoring (usually) harmless EPERM on setxattr "user.rootlesscontainers"
2026/10/02 11:44:30  warn rootless{opt/conda/lib/libncursesw.so.6} ignoring (usually) harmless EPERM on setxattr "user.rootlesscontainers"
2026/10/02 11:44:31  warn rootless{opt/conda/lib/libnghttp2.so} ignoring (usually) harmless EPERM on setxattr "user.rootlesscontainers"
2026/10/02 11:44:31  warn rootless{opt/conda/lib/libnghttp2.so.14} ignoring (usually) harmless EPERM on setxattr "user.rootlesscontainers"
2026/10/02 11:44:31  warn rootless{opt/conda/lib/libnsl.so} ignoring (usually) harmless EPERM on setxattr "user.rootlesscontainers"
2026/10/02 11:44:31  warn rootless{opt/conda/lib/libnsl.so.3} ignoring (usually) harmless EPERM on setxattr "user.rootlesscontainers"
2026/10/02 11:44:31  warn rootless{opt/conda/lib/libopenblas.so.0} ignoring (usually) harmless EPERM on setxattr "user.rootlesscontainers"
2026/10/02 11:44:32  warn rootless{opt/conda/lib/libopenjp2.so} ignoring (usually) harmless EPERM on setxattr "user.rootlesscontainers"
2026/10/02 11:44:32  warn rootless{opt/conda/lib/libopenjp2.so.7} ignoring (usually) harmless EPERM on setxattr "user.rootlesscontainers"
2026/10/02 11:44:32  warn rootless{opt/conda/lib/libpanel.so} ignoring (usually) harmless EPERM on setxattr "user.rootlesscontainers"
2026/10/02 11:44:32  warn rootless{opt/conda/lib/libpanel.so.6} ignoring (usually) harmless EPERM on setxattr "user.rootlesscontainers"
2026/10/02 11:44:32  warn rootless{opt/conda/lib/libpanelw.so} ignoring (usually) harmless EPERM on setxattr "user.rootlesscontainers"
2026/10/02 11:44:32  warn rootless{opt/conda/lib/libpanelw.so.6} ignoring (usually) harmless EPERM on setxattr "user.rootlesscontainers"
2026/10/02 11:44:32  warn rootless{opt/conda/lib/libpcre2-16.so} ignoring (usually) harmless EPERM on setxattr "user.rootlesscontainers"
2026/10/02 11:44:32  warn rootless{opt/conda/lib/libpcre2-16.so.0} ignoring (usually) harmless EPERM on setxattr "user.rootlesscontainers"
2026/10/02 11:44:33  warn rootless{opt/conda/lib/libpcre2-32.so} ignoring (usually) harmless EPERM on setxattr "user.rootlesscontainers"
2026/10/02 11:44:33  warn rootless{opt/conda/lib/libpcre2-32.so.0} ignoring (usually) harmless EPERM on setxattr "user.rootlesscontainers"
2026/10/02 11:44:33  warn rootless{opt/conda/lib/libpcre2-8.so} ignoring (usually) harmless EPERM on setxattr "user.rootlesscontainers"
2026/10/02 11:44:33  warn rootless{opt/conda/lib/libpcre2-8.so.0} ignoring (usually) harmless EPERM on setxattr "user.rootlesscontainers"
2026/10/02 11:44:33  warn rootless{opt/conda/lib/libpcre2-posix.so} ignoring (usually) harmless EPERM on setxattr "user.rootlesscontainers"
2026/10/02 11:44:33  warn rootless{opt/conda/lib/libpcre2-posix.so.3} ignoring (usually) harmless EPERM on setxattr "user.rootlesscontainers"
2026/10/02 11:44:33  warn rootless{opt/conda/lib/libpixman-1.so} ignoring (usually) harmless EPERM on setxattr "user.rootlesscontainers"
2026/10/02 11:44:33  warn rootless{opt/conda/lib/libpixman-1.so.0} ignoring (usually) harmless EPERM on setxattr "user.rootlesscontainers"
2026/10/02 11:44:33  warn rootless{opt/conda/lib/libpng.a} ignoring (usually) harmless EPERM on setxattr "user.rootlesscontainers"
2026/10/02 11:44:33  warn rootless{opt/conda/lib/libpng.so} ignoring (usually) harmless EPERM on setxattr "user.rootlesscontainers"
2026/10/02 11:44:33  warn rootless{opt/conda/lib/libpng16.so} ignoring (usually) harmless EPERM on setxattr "user.rootlesscontainers"
2026/10/02 11:44:33  warn rootless{opt/conda/lib/libpng16.so.16} ignoring (usually) harmless EPERM on setxattr "user.rootlesscontainers"
2026/10/02 11:44:33  warn rootless{opt/conda/lib/libpython3.10.so} ignoring (usually) harmless EPERM on setxattr "user.rootlesscontainers"
2026/10/02 11:44:34  warn rootless{opt/conda/lib/libquadmath.so} ignoring (usually) harmless EPERM on setxattr "user.rootlesscontainers"
2026/10/02 11:44:34  warn rootless{opt/conda/lib/libquadmath.so.0} ignoring (usually) harmless EPERM on setxattr "user.rootlesscontainers"
2026/10/02 11:44:34  warn rootless{opt/conda/lib/libreadline.so} ignoring (usually) harmless EPERM on setxattr "user.rootlesscontainers"
2026/10/02 11:44:34  warn rootless{opt/conda/lib/libreadline.so.8} ignoring (usually) harmless EPERM on setxattr "user.rootlesscontainers"
2026/10/02 11:44:34  warn rootless{opt/conda/lib/libsharpyuv.so} ignoring (usually) harmless EPERM on setxattr "user.rootlesscontainers"
2026/10/02 11:44:35  warn rootless{opt/conda/lib/libsharpyuv.so.0} ignoring (usually) harmless EPERM on setxattr "user.rootlesscontainers"
2026/10/02 11:44:35  warn rootless{opt/conda/lib/libsqlite3.so} ignoring (usually) harmless EPERM on setxattr "user.rootlesscontainers"
2026/10/02 11:44:35  warn rootless{opt/conda/lib/libsqlite3.so.0} ignoring (usually) harmless EPERM on setxattr "user.rootlesscontainers"
2026/10/02 11:44:35  warn rootless{opt/conda/lib/libssh2.so} ignoring (usually) harmless EPERM on setxattr "user.rootlesscontainers"
2026/10/02 11:44:35  warn rootless{opt/conda/lib/libssh2.so.1} ignoring (usually) harmless EPERM on setxattr "user.rootlesscontainers"
2026/10/02 11:44:36  warn rootless{opt/conda/lib/libssl.so} ignoring (usually) harmless EPERM on setxattr "user.rootlesscontainers"
2026/10/02 11:44:36  warn rootless{opt/conda/lib/libstdc++.so} ignoring (usually) harmless EPERM on setxattr "user.rootlesscontainers"
2026/10/02 11:44:36  warn rootless{opt/conda/lib/libstdc++.so.6} ignoring (usually) harmless EPERM on setxattr "user.rootlesscontainers"
2026/10/02 11:44:37  warn rootless{opt/conda/lib/libtiff.so} ignoring (usually) harmless EPERM on setxattr "user.rootlesscontainers"
2026/10/02 11:44:37  warn rootless{opt/conda/lib/libtiff.so.6} ignoring (usually) harmless EPERM on setxattr "user.rootlesscontainers"
2026/10/02 11:44:37  warn rootless{opt/conda/lib/libtiffxx.so} ignoring (usually) harmless EPERM on setxattr "user.rootlesscontainers"
2026/10/02 11:44:37  warn rootless{opt/conda/lib/libtiffxx.so.6} ignoring (usually) harmless EPERM on setxattr "user.rootlesscontainers"
2026/10/02 11:44:37  warn rootless{opt/conda/lib/libtinfo.so} ignoring (usually) harmless EPERM on setxattr "user.rootlesscontainers"
2026/10/02 11:44:37  warn rootless{opt/conda/lib/libtinfo.so.6} ignoring (usually) harmless EPERM on setxattr "user.rootlesscontainers"
2026/10/02 11:44:37  warn rootless{opt/conda/lib/libtinfow.so} ignoring (usually) harmless EPERM on setxattr "user.rootlesscontainers"
2026/10/02 11:44:37  warn rootless{opt/conda/lib/libtinfow.so.6} ignoring (usually) harmless EPERM on setxattr "user.rootlesscontainers"
2026/10/02 11:44:38  warn rootless{opt/conda/lib/libturbojpeg.so} ignoring (usually) harmless EPERM on setxattr "user.rootlesscontainers"
2026/10/02 11:44:38  warn rootless{opt/conda/lib/libturbojpeg.so.0} ignoring (usually) harmless EPERM on setxattr "user.rootlesscontainers"
2026/10/02 11:44:38  warn rootless{opt/conda/lib/libuuid.so} ignoring (usually) harmless EPERM on setxattr "user.rootlesscontainers"
2026/10/02 11:44:38  warn rootless{opt/conda/lib/libuuid.so.1} ignoring (usually) harmless EPERM on setxattr "user.rootlesscontainers"
2026/10/02 11:44:38  warn rootless{opt/conda/lib/libverto.so} ignoring (usually) harmless EPERM on setxattr "user.rootlesscontainers"
2026/10/02 11:44:38  warn rootless{opt/conda/lib/libverto.so.0} ignoring (usually) harmless EPERM on setxattr "user.rootlesscontainers"
2026/10/02 11:44:38  warn rootless{opt/conda/lib/libwebp.so} ignoring (usually) harmless EPERM on setxattr "user.rootlesscontainers"
2026/10/02 11:44:38  warn rootless{opt/conda/lib/libwebp.so.7} ignoring (usually) harmless EPERM on setxattr "user.rootlesscontainers"
2026/10/02 11:44:39  warn rootless{opt/conda/lib/libwebpdecoder.so} ignoring (usually) harmless EPERM on setxattr "user.rootlesscontainers"
2026/10/02 11:44:39  warn rootless{opt/conda/lib/libwebpdecoder.so.3} ignoring (usually) harmless EPERM on setxattr "user.rootlesscontainers"
2026/10/02 11:44:39  warn rootless{opt/conda/lib/libwebpdemux.so} ignoring (usually) harmless EPERM on setxattr "user.rootlesscontainers"
2026/10/02 11:44:39  warn rootless{opt/conda/lib/libwebpdemux.so.2} ignoring (usually) harmless EPERM on setxattr "user.rootlesscontainers"
2026/10/02 11:44:39  warn rootless{opt/conda/lib/libwebpmux.so} ignoring (usually) harmless EPERM on setxattr "user.rootlesscontainers"
2026/10/02 11:44:39  warn rootless{opt/conda/lib/libwebpmux.so.3} ignoring (usually) harmless EPERM on setxattr "user.rootlesscontainers"
2026/10/02 11:44:39  warn rootless{opt/conda/lib/libxcb-composite.so} ignoring (usually) harmless EPERM on setxattr "user.rootlesscontainers"
2026/10/02 11:44:39  warn rootless{opt/conda/lib/libxcb-composite.so.0} ignoring (usually) harmless EPERM on setxattr "user.rootlesscontainers"
2026/10/02 11:44:39  warn rootless{opt/conda/lib/libxcb-damage.so} ignoring (usually) harmless EPERM on setxattr "user.rootlesscontainers"
2026/10/02 11:44:40  warn rootless{opt/conda/lib/libxcb-damage.so.0} ignoring (usually) harmless EPERM on setxattr "user.rootlesscontainers"
2026/10/02 11:44:40  warn rootless{opt/conda/lib/libxcb-dbe.so} ignoring (usually) harmless EPERM on setxattr "user.rootlesscontainers"
2026/10/02 11:44:40  warn rootless{opt/conda/lib/libxcb-dbe.so.0} ignoring (usually) harmless EPERM on setxattr "user.rootlesscontainers"
2026/10/02 11:44:40  warn rootless{opt/conda/lib/libxcb-dpms.so} ignoring (usually) harmless EPERM on setxattr "user.rootlesscontainers"
2026/10/02 11:44:40  warn rootless{opt/conda/lib/libxcb-dpms.so.0} ignoring (usually) harmless EPERM on setxattr "user.rootlesscontainers"
2026/10/02 11:44:40  warn rootless{opt/conda/lib/libxcb-dri2.so} ignoring (usually) harmless EPERM on setxattr "user.rootlesscontainers"
2026/10/02 11:44:40  warn rootless{opt/conda/lib/libxcb-dri2.so.0} ignoring (usually) harmless EPERM on setxattr "user.rootlesscontainers"
2026/10/02 11:44:40  warn rootless{opt/conda/lib/libxcb-dri3.so} ignoring (usually) harmless EPERM on setxattr "user.rootlesscontainers"
2026/10/02 11:44:40  warn rootless{opt/conda/lib/libxcb-dri3.so.0} ignoring (usually) harmless EPERM on setxattr "user.rootlesscontainers"
2026/10/02 11:44:41  warn rootless{opt/conda/lib/libxcb-glx.so} ignoring (usually) harmless EPERM on setxattr "user.rootlesscontainers"
2026/10/02 11:44:41  warn rootless{opt/conda/lib/libxcb-glx.so.0} ignoring (usually) harmless EPERM on setxattr "user.rootlesscontainers"
2026/10/02 11:44:41  warn rootless{opt/conda/lib/libxcb-present.so} ignoring (usually) harmless EPERM on setxattr "user.rootlesscontainers"
2026/10/02 11:44:41  warn rootless{opt/conda/lib/libxcb-present.so.0} ignoring (usually) harmless EPERM on setxattr "user.rootlesscontainers"
2026/10/02 11:44:41  warn rootless{opt/conda/lib/libxcb-randr.so} ignoring (usually) harmless EPERM on setxattr "user.rootlesscontainers"
2026/10/02 11:44:41  warn rootless{opt/conda/lib/libxcb-randr.so.0} ignoring (usually) harmless EPERM on setxattr "user.rootlesscontainers"
2026/10/02 11:44:41  warn rootless{opt/conda/lib/libxcb-record.so} ignoring (usually) harmless EPERM on setxattr "user.rootlesscontainers"
2026/10/02 11:44:41  warn rootless{opt/conda/lib/libxcb-record.so.0} ignoring (usually) harmless EPERM on setxattr "user.rootlesscontainers"
2026/10/02 11:44:41  warn rootless{opt/conda/lib/libxcb-render.so} ignoring (usually) harmless EPERM on setxattr "user.rootlesscontainers"
2026/10/02 11:44:41  warn rootless{opt/conda/lib/libxcb-render.so.0} ignoring (usually) harmless EPERM on setxattr "user.rootlesscontainers"
2026/10/02 11:44:42  warn rootless{opt/conda/lib/libxcb-res.so} ignoring (usually) harmless EPERM on setxattr "user.rootlesscontainers"
2026/10/02 11:44:42  warn rootless{opt/conda/lib/libxcb-res.so.0} ignoring (usually) harmless EPERM on setxattr "user.rootlesscontainers"
2026/10/02 11:44:42  warn rootless{opt/conda/lib/libxcb-screensaver.so} ignoring (usually) harmless EPERM on setxattr "user.rootlesscontainers"
2026/10/02 11:44:42  warn rootless{opt/conda/lib/libxcb-screensaver.so.0} ignoring (usually) harmless EPERM on setxattr "user.rootlesscontainers"
2026/10/02 11:44:42  warn rootless{opt/conda/lib/libxcb-shape.so} ignoring (usually) harmless EPERM on setxattr "user.rootlesscontainers"
2026/10/02 11:44:42  warn rootless{opt/conda/lib/libxcb-shape.so.0} ignoring (usually) harmless EPERM on setxattr "user.rootlesscontainers"
2026/10/02 11:44:42  warn rootless{opt/conda/lib/libxcb-shm.so} ignoring (usually) harmless EPERM on setxattr "user.rootlesscontainers"
2026/10/02 11:44:42  warn rootless{opt/conda/lib/libxcb-shm.so.0} ignoring (usually) harmless EPERM on setxattr "user.rootlesscontainers"
2026/10/02 11:44:42  warn rootless{opt/conda/lib/libxcb-sync.so} ignoring (usually) harmless EPERM on setxattr "user.rootlesscontainers"
2026/10/02 11:44:42  warn rootless{opt/conda/lib/libxcb-sync.so.1} ignoring (usually) harmless EPERM on setxattr "user.rootlesscontainers"
2026/10/02 11:44:43  warn rootless{opt/conda/lib/libxcb-xf86dri.so} ignoring (usually) harmless EPERM on setxattr "user.rootlesscontainers"
2026/10/02 11:44:43  warn rootless{opt/conda/lib/libxcb-xf86dri.so.0} ignoring (usually) harmless EPERM on setxattr "user.rootlesscontainers"
2026/10/02 11:44:43  warn rootless{opt/conda/lib/libxcb-xfixes.so} ignoring (usually) harmless EPERM on setxattr "user.rootlesscontainers"
2026/10/02 11:44:43  warn rootless{opt/conda/lib/libxcb-xfixes.so.0} ignoring (usually) harmless EPERM on setxattr "user.rootlesscontainers"
2026/10/02 11:44:43  warn rootless{opt/conda/lib/libxcb-xinerama.so} ignoring (usually) harmless EPERM on setxattr "user.rootlesscontainers"
2026/10/02 11:44:43  warn rootless{opt/conda/lib/libxcb-xinerama.so.0} ignoring (usually) harmless EPERM on setxattr "user.rootlesscontainers"
2026/10/02 11:44:43  warn rootless{opt/conda/lib/libxcb-xinput.so} ignoring (usually) harmless EPERM on setxattr "user.rootlesscontainers"
2026/10/02 11:44:43  warn rootless{opt/conda/lib/libxcb-xinput.so.0} ignoring (usually) harmless EPERM on setxattr "user.rootlesscontainers"
2026/10/02 11:44:43  warn rootless{opt/conda/lib/libxcb-xkb.so} ignoring (usually) harmless EPERM on setxattr "user.rootlesscontainers"
2026/10/02 11:44:44  warn rootless{opt/conda/lib/libxcb-xkb.so.1} ignoring (usually) harmless EPERM on setxattr "user.rootlesscontainers"
2026/10/02 11:44:44  warn rootless{opt/conda/lib/libxcb-xlib.so.0} ignoring (usually) harmless EPERM on setxattr "user.rootlesscontainers"
2026/10/02 11:44:44  warn rootless{opt/conda/lib/libxcb-xtest.so} ignoring (usually) harmless EPERM on setxattr "user.rootlesscontainers"
2026/10/02 11:44:44  warn rootless{opt/conda/lib/libxcb-xtest.so.0} ignoring (usually) harmless EPERM on setxattr "user.rootlesscontainers"
2026/10/02 11:44:44  warn rootless{opt/conda/lib/libxcb-xv.so} ignoring (usually) harmless EPERM on setxattr "user.rootlesscontainers"
2026/10/02 11:44:44  warn rootless{opt/conda/lib/libxcb-xv.so.0} ignoring (usually) harmless EPERM on setxattr "user.rootlesscontainers"
2026/10/02 11:44:44  warn rootless{opt/conda/lib/libxcb-xvmc.so} ignoring (usually) harmless EPERM on setxattr "user.rootlesscontainers"
2026/10/02 11:44:44  warn rootless{opt/conda/lib/libxcb-xvmc.so.0} ignoring (usually) harmless EPERM on setxattr "user.rootlesscontainers"
2026/10/02 11:44:44  warn rootless{opt/conda/lib/libxcb.so} ignoring (usually) harmless EPERM on setxattr "user.rootlesscontainers"
2026/10/02 11:44:44  warn rootless{opt/conda/lib/libxcb.so.1} ignoring (usually) harmless EPERM on setxattr "user.rootlesscontainers"
2026/10/02 11:44:44  warn rootless{opt/conda/lib/libyaml-0.so.2} ignoring (usually) harmless EPERM on setxattr "user.rootlesscontainers"
2026/10/02 11:44:45  warn rootless{opt/conda/lib/libyaml.so} ignoring (usually) harmless EPERM on setxattr "user.rootlesscontainers"
2026/10/02 11:44:45  warn rootless{opt/conda/lib/libz-ng.so} ignoring (usually) harmless EPERM on setxattr "user.rootlesscontainers"
2026/10/02 11:44:45  warn rootless{opt/conda/lib/libz-ng.so.2} ignoring (usually) harmless EPERM on setxattr "user.rootlesscontainers"
2026/10/02 11:44:45  warn rootless{opt/conda/lib/libz.so.1} ignoring (usually) harmless EPERM on setxattr "user.rootlesscontainers"
2026/10/02 11:44:45  warn rootless{opt/conda/lib/libzstd.so} ignoring (usually) harmless EPERM on setxattr "user.rootlesscontainers"
2026/10/02 11:44:45  warn rootless{opt/conda/lib/libzstd.so.1} ignoring (usually) harmless EPERM on setxattr "user.rootlesscontainers"
2026/10/02 12:26:18  warn rootless{opt/conda/lib/pkgconfig/libcrypt.pc} ignoring (usually) harmless EPERM on setxattr "user.rootlesscontainers"
2026/10/02 12:26:19  warn rootless{opt/conda/lib/pkgconfig/libpng.pc} ignoring (usually) harmless EPERM on setxattr "user.rootlesscontainers"
2026/10/02 12:26:21  warn rootless{opt/conda/lib/pkgconfig/python3-embed.pc} ignoring (usually) harmless EPERM on setxattr "user.rootlesscontainers"
2026/10/02 12:26:21  warn rootless{opt/conda/lib/pkgconfig/python3.pc} ignoring (usually) harmless EPERM on setxattr "user.rootlesscontainers"
2026/10/02 12:26:24  warn rootless{opt/conda/lib/python3.1} ignoring (usually) harmless EPERM on setxattr "user.rootlesscontainers"
slurmstepd: error: *** JOB 10760568 ON c3014 CANCELLED AT 2026-10-02T12:39:00 DUE TO TIME LIMIT ***
2026/10/02 12:43:09  warn rootless{opt/conda/lib/terminfo} ignoring (usually) harmless EPERM on setxattr "user.rootlesscontainers"
2026/10/02 12:43:20  warn rootless{opt/conda/libexec/git-core/git-add} ignoring (usually) harmless EPERM on setxattr "user.rootlesscontainers"
2026/10/02 12:43:20  warn rootless{opt/conda/libexec/git-core/git-am} ignoring (usually) harmless EPERM on setxattr "user.rootlesscontainers"
2026/10/02 12:43:20  warn rootless{opt/conda/libexec/git-core/git-annotate} ignoring (usually) harmless EPERM on setxattr "user.rootlesscontainers"
2026/10/02 12:43:20  warn rootless{opt/conda/libexec/git-core/git-apply} ignoring (usually) harmless EPERM on setxattr "user.rootlesscontainers"
2026/10/02 12:43:20  warn rootless{opt/conda/libexec/git-core/git-archive} ignoring (usually) harmless EPERM on setxattr "user.rootlesscontainers"
2026/10/02 12:43:20  warn rootless{opt/conda/libexec/git-core/git-bisect} ignoring (usually) harmless EPERM on setxattr "user.rootlesscontainers"
2026/10/02 12:43:20  warn rootless{opt/conda/libexec/git-core/git-blame} ignoring (usually) harmless EPERM on setxattr "user.rootlesscontainers"
2026/10/02 12:43:21  warn rootless{opt/conda/libexec/git-core/git-branch} ignoring (usually) harmless EPERM on setxattr "user.rootlesscontainers"
2026/10/02 12:43:21  warn rootless{opt/conda/libexec/git-core/git-bugreport} ignoring (usually) harmless EPERM on setxattr "user.rootlesscontainers"
2026/10/02 12:43:21  warn rootless{opt/conda/libexec/git-core/git-bundle} ignoring (usually) harmless EPERM on setxattr "user.rootlesscontainers"
2026/10/02 12:43:21  warn rootless{opt/conda/libexec/git-core/git-cat-file} ignoring (usually) harmless EPERM on setxattr "user.rootlesscontainers"
2026/10/02 12:43:21  warn rootless{opt/conda/libexec/git-core/git-check-attr} ignoring (usually) harmless EPERM on setxattr "user.rootlesscontainers"
2026/10/02 12:43:21  warn rootless{opt/conda/libexec/git-core/git-check-ignore} ignoring (usually) harmless EPERM on setxattr "user.rootlesscontainers"
2026/10/02 12:43:21  warn rootless{opt/conda/libexec/git-core/git-check-mailmap} ignoring (usually) harmless EPERM on setxattr "user.rootlesscontainers"
2026/10/02 12:43:21  warn rootless{opt/conda/libexec/git-core/git-check-ref-format} ignoring (usually) harmless EPERM on setxattr "user.rootlesscontainers"
2026/10/02 12:43:21  warn rootless{opt/conda/libexec/git-core/git-checkout} ignoring (usually) harmless EPERM on setxattr "user.rootlesscontainers"
2026/10/02 12:43:21  warn rootless{opt/conda/libexec/git-core/git-checkout--worker} ignoring (usually) harmless EPERM on setxattr "user.rootlesscontainers"
2026/10/02 12:43:21  warn rootless{opt/conda/libexec/git-core/git-checkout-index} ignoring (usually) harmless EPERM on setxattr "user.rootlesscontainers"
2026/10/02 12:43:21  warn rootless{opt/conda/libexec/git-core/git-cherry} ignoring (usually) harmless EPERM on setxattr "user.rootlesscontainers"
2026/10/02 12:43:21  warn rootless{opt/conda/libexec/git-core/git-cherry-pick} ignoring (usually) harmless EPERM on setxattr "user.rootlesscontainers"
2026/10/02 12:43:21  warn rootless{opt/conda/libexec/git-core/git-clean} ignoring (usually) harmless EPERM on setxattr "user.rootlesscontainers"
2026/10/02 12:43:21  warn rootless{opt/conda/libexec/git-core/git-clone} ignoring (usually) harmless EPERM on setxattr "user.rootlesscontainers"
2026/10/02 12:43:21  warn rootless{opt/conda/libexec/git-core/git-column} ignoring (usually) harmless EPERM on setxattr "user.rootlesscontainers"
2026/10/02 12:43:21  warn rootless{opt/conda/libexec/git-core/git-commit} ignoring (usually) harmless EPERM on setxattr "user.rootlesscontainers"
2026/10/02 12:43:21  warn rootless{opt/conda/libexec/git-core/git-commit-graph} ignoring (usually) harmless EPERM on setxattr "user.rootlesscontainers"
2026/10/02 12:43:21  warn rootless{opt/conda/libexec/git-core/git-commit-tree} ignoring (usually) harmless EPERM on setxattr "user.rootlesscontainers"
2026/10/02 12:43:21  warn rootless{opt/conda/libexec/git-core/git-config} ignoring (usually) harmless EPERM on setxattr "user.rootlesscontainers"
2026/10/02 12:43:21  warn rootless{opt/conda/libexec/git-core/git-count-objects} ignoring (usually) harmless EPERM on setxattr "user.rootlesscontainers"
2026/10/02 12:43:21  warn rootless{opt/conda/libexec/git-core/git-credential} ignoring (usually) harmless EPERM on setxattr "user.rootlesscontainers"
2026/10/02 12:43:21  warn rootless{opt/conda/libexec/git-core/git-credential-cache} ignoring (usually) harmless EPERM on setxattr "user.rootlesscontainers"
2026/10/02 12:43:21  warn rootless{opt/conda/libexec/git-core/git-credential-cache--daemon} ignoring (usually) harmless EPERM on setxattr "user.rootlesscontainers"
2026/10/02 12:43:21  warn rootless{opt/conda/libexec/git-core/git-credential-store} ignoring (usually) harmless EPERM on setxattr "user.rootlesscontainers"
2026/10/02 12:43:22  warn rootless{opt/conda/libexec/git-core/git-describe} ignoring (usually) harmless EPERM on setxattr "user.rootlesscontainers"
2026/10/02 12:43:22  warn rootless{opt/conda/libexec/git-core/git-diagnose} ignoring (usually) harmless EPERM on setxattr "user.rootlesscontainers"
2026/10/02 12:43:22  warn rootless{opt/conda/libexec/git-core/git-diff} ignoring (usually) harmless EPERM on setxattr "user.rootlesscontainers"
2026/10/02 12:43:22  warn rootless{opt/conda/libexec/git-core/git-diff-files} ignoring (usually) harmless EPERM on setxattr "user.rootlesscontainers"
2026/10/02 12:43:22  warn rootless{opt/conda/libexec/git-core/git-diff-index} ignoring (usually) harmless EPERM on setxattr "user.rootlesscontainers"
2026/10/02 12:43:22  warn rootless{opt/conda/libexec/git-core/git-diff-tree} ignoring (usually) harmless EPERM on setxattr "user.rootlesscontainers"
2026/10/02 12:43:22  warn rootless{opt/conda/libexec/git-core/git-difftool} ignoring (usually) harmless EPERM on setxattr "user.rootlesscontainers"
2026/10/02 12:43:22  warn rootless{opt/conda/libexec/git-core/git-fast-export} ignoring (usually) harmless EPERM on setxattr "user.rootlesscontainers"
2026/10/02 12:43:22  warn rootless{opt/conda/libexec/git-core/git-fast-import} ignoring (usually) harmless EPERM on setxattr "user.rootlesscontainers"
2026/10/02 12:43:22  warn rootless{opt/conda/libexec/git-core/git-fetch} ignoring (usually) harmless EPERM on setxattr "user.rootlesscontainers"
2026/10/02 12:43:22  warn rootless{opt/conda/libexec/git-core/git-fetch-pack} ignoring (usually) harmless EPERM on setxattr "user.rootlesscontainers"
2026/10/02 12:43:22  warn rootless{opt/conda/libexec/git-core/git-fmt-merge-msg} ignoring (usually) harmless EPERM on setxattr "user.rootlesscontainers"
2026/10/02 12:43:22  warn rootless{opt/conda/libexec/git-core/git-for-each-ref} ignoring (usually) harmless EPERM on setxattr "user.rootlesscontainers"
2026/10/02 12:43:22  warn rootless{opt/conda/libexec/git-core/git-for-each-repo} ignoring (usually) harmless EPERM on setxattr "user.rootlesscontainers"
2026/10/02 12:43:22  warn rootless{opt/conda/libexec/git-core/git-format-patch} ignoring (usually) harmless EPERM on setxattr "user.rootlesscontainers"
2026/10/02 12:43:22  warn rootless{opt/conda/libexec/git-core/git-fsck} ignoring (usually) harmless EPERM on setxattr "user.rootlesscontainers"
2026/10/02 12:43:22  warn rootless{opt/conda/libexec/git-core/git-fsck-objects} ignoring (usually) harmless EPERM on setxattr "user.rootlesscontainers"
2026/10/02 12:43:22  warn rootless{opt/conda/libexec/git-core/git-fsmonitor--daemon} ignoring (usually) harmless EPERM on setxattr "user.rootlesscontainers"
2026/10/02 12:43:22  warn rootless{opt/conda/libexec/git-core/git-gc} ignoring (usually) harmless EPERM on setxattr "user.rootlesscontainers"
2026/10/02 12:43:22  warn rootless{opt/conda/libexec/git-core/git-get-tar-commit-id} ignoring (usually) harmless EPERM on setxattr "user.rootlesscontainers"
2026/10/02 12:43:22  warn rootless{opt/conda/libexec/git-core/git-grep} ignoring (usually) harmless EPERM on setxattr "user.rootlesscontainers"
2026/10/02 12:43:23  warn rootless{opt/conda/libexec/git-core/git-hash-object} ignoring (usually) harmless EPERM on setxattr "user.rootlesscontainers"
2026/10/02 12:43:23  warn rootless{opt/conda/libexec/git-core/git-help} ignoring (usually) harmless EPERM on setxattr "user.rootlesscontainers"
2026/10/02 12:43:23  warn rootless{opt/conda/libexec/git-core/git-hook} ignoring (usually) harmless EPERM on setxattr "user.rootlesscontainers"
2026/10/02 12:43:23  warn rootless{opt/conda/libexec/git-core/git-index-pack} ignoring (usually) harmless EPERM on setxattr "user.rootlesscontainers"
2026/10/02 12:43:23  warn rootless{opt/conda/libexec/git-core/git-init} ignoring (usually) harmless EPERM on setxattr "user.rootlesscontainers"
2026/10/02 12:43:23  warn rootless{opt/conda/libexec/git-core/git-init-db} ignoring (usually) harmless EPERM on setxattr "user.rootlesscontainers"
2026/10/02 12:43:23  warn rootless{opt/conda/libexec/git-core/git-interpret-trailers} ignoring (usually) harmless EPERM on setxattr "user.rootlesscontainers"
2026/10/02 12:43:23  warn rootless{opt/conda/libexec/git-core/git-log} ignoring (usually) harmless EPERM on setxattr "user.rootlesscontainers"
2026/10/02 12:43:23  warn rootless{opt/conda/libexec/git-core/git-ls-files} ignoring (usually) harmless EPERM on setxattr "user.rootlesscontainers"
2026/10/02 12:43:23  warn rootless{opt/conda/libexec/git-core/git-ls-remote} ignoring (usually) harmless EPERM on setxattr "user.rootlesscontainers"
2026/10/02 12:43:23  warn rootless{opt/conda/libexec/git-core/git-ls-tree} ignoring (usually) harmless EPERM on setxattr "user.rootlesscontainers"
2026/10/02 12:43:23  warn rootless{opt/conda/libexec/git-core/git-mailinfo} ignoring (usually) harmless EPERM on setxattr "user.rootlesscontainers"
2026/10/02 12:43:23  warn rootless{opt/conda/libexec/git-core/git-mailsplit} ignoring (usually) harmless EPERM on setxattr "user.rootlesscontainers"
2026/10/02 12:43:23  warn rootless{opt/conda/libexec/git-core/git-maintenance} ignoring (usually) harmless EPERM on setxattr "user.rootlesscontainers"
2026/10/02 12:43:24  warn rootless{opt/conda/libexec/git-core/git-merge} ignoring (usually) harmless EPERM on setxattr "user.rootlesscontainers"
2026/10/02 12:43:24  warn rootless{opt/conda/libexec/git-core/git-merge-base} ignoring (usually) harmless EPERM on setxattr "user.rootlesscontainers"
2026/10/02 12:43:24  warn rootless{opt/conda/libexec/git-core/git-merge-file} ignoring (usually) harmless EPERM on setxattr "user.rootlesscontainers"
2026/10/02 12:43:24  warn rootless{opt/conda/libexec/git-core/git-merge-index} ignoring (usually) harmless EPERM on setxattr "user.rootlesscontainers"
2026/10/02 12:43:24  warn rootless{opt/conda/libexec/git-core/git-merge-ours} ignoring (usually) harmless EPERM on setxattr "user.rootlesscontainers"
2026/10/02 12:43:24  warn rootless{opt/conda/libexec/git-core/git-merge-recursive} ignoring (usually) harmless EPERM on setxattr "user.rootlesscontainers"
2026/10/02 12:43:24  warn rootless{opt/conda/libexec/git-core/git-merge-subtree} ignoring (usually) harmless EPERM on setxattr "user.rootlesscontainers"
2026/10/02 12:43:24  warn rootless{opt/conda/libexec/git-core/git-merge-tree} ignoring (usually) harmless EPERM on setxattr "user.rootlesscontainers"
2026/10/02 12:43:24  warn rootless{opt/conda/libexec/git-core/git-mktag} ignoring (usually) harmless EPERM on setxattr "user.rootlesscontainers"
2026/10/02 12:43:24  warn rootless{opt/conda/libexec/git-core/git-mktree} ignoring (usually) harmless EPERM on setxattr "user.rootlesscontainers"
2026/10/02 12:43:24  warn rootless{opt/conda/libexec/git-core/git-multi-pack-index} ignoring (usually) harmless EPERM on setxattr "user.rootlesscontainers"
2026/10/02 12:43:24  warn rootless{opt/conda/libexec/git-core/git-mv} ignoring (usually) harmless EPERM on setxattr "user.rootlesscontainers"
2026/10/02 12:43:24  warn rootless{opt/conda/libexec/git-core/git-name-rev} ignoring (usually) harmless EPERM on setxattr "user.rootlesscontainers"
2026/10/02 12:43:24  warn rootless{opt/conda/libexec/git-core/git-notes} ignoring (usually) harmless EPERM on setxattr "user.rootlesscontainers"
2026/10/02 12:43:24  warn rootless{opt/conda/libexec/git-core/git-pack-objects} ignoring (usually) harmless EPERM on setxattr "user.rootlesscontainers"
2026/10/02 12:43:24  warn rootless{opt/conda/libexec/git-core/git-pack-redundant} ignoring (usually) harmless EPERM on setxattr "user.rootlesscontainers"
2026/10/02 12:43:24  warn rootless{opt/conda/libexec/git-core/git-pack-refs} ignoring (usually) harmless EPERM on setxattr "user.rootlesscontainers"
2026/10/02 12:43:24  warn rootless{opt/conda/libexec/git-core/git-patch-id} ignoring (usually) harmless EPERM on setxattr "user.rootlesscontainers"
2026/10/02 12:43:24  warn rootless{opt/conda/libexec/git-core/git-prune} ignoring (usually) harmless EPERM on setxattr "user.rootlesscontainers"
2026/10/02 12:43:25  warn rootless{opt/conda/libexec/git-core/git-prune-packed} ignoring (usually) harmless EPERM on setxattr "user.rootlesscontainers"
2026/10/02 12:43:25  warn rootless{opt/conda/libexec/git-core/git-pull} ignoring (usually) harmless EPERM on setxattr "user.rootlesscontainers"
2026/10/02 12:43:25  warn rootless{opt/conda/libexec/git-core/git-push} ignoring (usually) harmless EPERM on setxattr "user.rootlesscontainers"
2026/10/02 12:43:25  warn rootless{opt/conda/libexec/git-core/git-range-diff} ignoring (usually) harmless EPERM on setxattr "user.rootlesscontainers"
2026/10/02 12:43:25  warn rootless{opt/conda/libexec/git-core/git-read-tree} ignoring (usually) harmless EPERM on setxattr "user.rootlesscontainers"
2026/10/02 12:43:25  warn rootless{opt/conda/libexec/git-core/git-rebase} ignoring (usually) harmless EPERM on setxattr "user.rootlesscontainers"
2026/10/02 12:43:25  warn rootless{opt/conda/libexec/git-core/git-receive-pack} ignoring (usually) harmless EPERM on setxattr "user.rootlesscontainers"
2026/10/02 12:43:25  warn rootless{opt/conda/libexec/git-core/git-reflog} ignoring (usually) harmless EPERM on setxattr "user.rootlesscontainers"
2026/10/02 12:43:25  warn rootless{opt/conda/libexec/git-core/git-refs} ignoring (usually) harmless EPERM on setxattr "user.rootlesscontainers"
2026/10/02 12:43:25  warn rootless{opt/conda/libexec/git-core/git-remote} ignoring (usually) harmless EPERM on setxattr "user.rootlesscontainers"
2026/10/02 12:43:25  warn rootless{opt/conda/libexec/git-core/git-remote-ext} ignoring (usually) harmless EPERM on setxattr "user.rootlesscontainers"
2026/10/02 12:43:25  warn rootless{opt/conda/libexec/git-core/git-remote-fd} ignoring (usually) harmless EPERM on setxattr "user.rootlesscontainers"
2026/10/02 12:43:25  warn rootless{opt/conda/libexec/git-core/git-remote-ftp} ignoring (usually) harmless EPERM on setxattr "user.rootlesscontainers"
2026/10/02 12:43:25  warn rootless{opt/conda/libexec/git-core/git-remote-ftps} ignoring (usually) harmless EPERM on setxattr "user.rootlesscontainers"
2026/10/02 12:43:25  warn rootless{opt/conda/libexec/git-core/git-remote-https} ignoring (usually) harmless EPERM on setxattr "user.rootlesscontainers"
2026/10/02 12:43:25  warn rootless{opt/conda/libexec/git-core/git-repack} ignoring (usually) harmless EPERM on setxattr "user.rootlesscontainers"
2026/10/02 12:43:25  warn rootless{opt/conda/libexec/git-core/git-replace} ignoring (usually) harmless EPERM on setxattr "user.rootlesscontainers"
2026/10/02 12:43:25  warn rootless{opt/conda/libexec/git-core/git-replay} ignoring (usually) harmless EPERM on setxattr "user.rootlesscontainers"
2026/10/02 12:43:25  warn rootless{opt/conda/libexec/git-core/git-rerere} ignoring (usually) harmless EPERM on setxattr "user.rootlesscontainers"
2026/10/02 12:43:25  warn rootless{opt/conda/libexec/git-core/git-reset} ignoring (usually) harmless EPERM on setxattr "user.rootlesscontainers"
2026/10/02 12:43:26  warn rootless{opt/conda/libexec/git-core/git-restore} ignoring (usually) harmless EPERM on setxattr "user.rootlesscontainers"
2026/10/02 12:43:26  warn rootless{opt/conda/libexec/git-core/git-rev-list} ignoring (usually) harmless EPERM on setxattr "user.rootlesscontainers"
2026/10/02 12:43:26  warn rootless{opt/conda/libexec/git-core/git-rev-parse} ignoring (usually) harmless EPERM on setxattr "user.rootlesscontainers"
2026/10/02 12:43:26  warn rootless{opt/conda/libexec/git-core/git-revert} ignoring (usually) harmless EPERM on setxattr "user.rootlesscontainers"
2026/10/02 12:43:26  warn rootless{opt/conda/libexec/git-core/git-rm} ignoring (usually) harmless EPERM on setxattr "user.rootlesscontainers"
2026/10/02 12:43:26  warn rootless{opt/conda/libexec/git-core/git-send-pack} ignoring (usually) harmless EPERM on setxattr "user.rootlesscontainers"
2026/10/02 12:43:26  warn rootless{opt/conda/libexec/git-core/git-shortlog} ignoring (usually) harmless EPERM on setxattr "user.rootlesscontainers"
2026/10/02 12:43:26  warn rootless{opt/conda/libexec/git-core/git-show} ignoring (usually) harmless EPERM on setxattr "user.rootlesscontainers"
2026/10/02 12:43:26  warn rootless{opt/conda/libexec/git-core/git-show-branch} ignoring (usually) harmless EPERM on setxattr "user.rootlesscontainers"
2026/10/02 12:43:26  warn rootless{opt/conda/libexec/git-core/git-show-index} ignoring (usually) harmless EPERM on setxattr "user.rootlesscontainers"
2026/10/02 12:43:26  warn rootless{opt/conda/libexec/git-core/git-show-ref} ignoring (usually) harmless EPERM on setxattr "user.rootlesscontainers"
2026/10/02 12:43:26  warn rootless{opt/conda/libexec/git-core/git-sparse-checkout} ignoring (usually) harmless EPERM on setxattr "user.rootlesscontainers"
2026/10/02 12:43:26  warn rootless{opt/conda/libexec/git-core/git-stage} ignoring (usually) harmless EPERM on setxattr "user.rootlesscontainers"
2026/10/02 12:43:26  warn rootless{opt/conda/libexec/git-core/git-stash} ignoring (usually) harmless EPERM on setxattr "user.rootlesscontainers"
2026/10/02 12:43:26  warn rootless{opt/conda/libexec/git-core/git-status} ignoring (usually) harmless EPERM on setxattr "user.rootlesscontainers"
2026/10/02 12:43:26  warn rootless{opt/conda/libexec/git-core/git-stripspace} ignoring (usually) harmless EPERM on setxattr "user.rootlesscontainers"
2026/10/02 12:43:27  warn rootless{opt/conda/libexec/git-core/git-submodule--helper} ignoring (usually) harmless EPERM on setxattr "user.rootlesscontainers"
2026/10/02 12:43:27  warn rootless{opt/conda/libexec/git-core/git-switch} ignoring (usually) harmless EPERM on setxattr "user.rootlesscontainers"
2026/10/02 12:43:27  warn rootless{opt/conda/libexec/git-core/git-symbolic-ref} ignoring (usually) harmless EPERM on setxattr "user.rootlesscontainers"
2026/10/02 12:43:27  warn rootless{opt/conda/libexec/git-core/git-tag} ignoring (usually) harmless EPERM on setxattr "user.rootlesscontainers"
2026/10/02 12:43:27  warn rootless{opt/conda/libexec/git-core/git-unpack-file} ignoring (usually) harmless EPERM on setxattr "user.rootlesscontainers"
2026/10/02 12:43:27  warn rootless{opt/conda/libexec/git-core/git-unpack-objects} ignoring (usually) harmless EPERM on setxattr "user.rootlesscontainers"
2026/10/02 12:43:27  warn rootless{opt/conda/libexec/git-core/git-update-index} ignoring (usually) harmless EPERM on setxattr "user.rootlesscontainers"
2026/10/02 12:43:27  warn rootless{opt/conda/libexec/git-core/git-update-ref} ignoring (usually) harmless EPERM on setxattr "user.rootlesscontainers"
2026/10/02 12:43:27  warn rootless{opt/conda/libexec/git-core/git-update-server-info} ignoring (usually) harmless EPERM on setxattr "user.rootlesscontainers"
2026/10/02 12:43:27  warn rootless{opt/conda/libexec/git-core/git-upload-archive} ignoring (usually) harmless EPERM on setxattr "user.rootlesscontainers"
2026/10/02 12:43:27  warn rootless{opt/conda/libexec/git-core/git-upload-pack} ignoring (usually) harmless EPERM on setxattr "user.rootlesscontainers"
2026/10/02 12:43:27  warn rootless{opt/conda/libexec/git-core/git-var} ignoring (usually) harmless EPERM on setxattr "user.rootlesscontainers"
2026/10/02 12:43:27  warn rootless{opt/conda/libexec/git-core/git-verify-commit} ignoring (usually) harmless EPERM on setxattr "user.rootlesscontainers"
2026/10/02 12:43:27  warn rootless{opt/conda/libexec/git-core/git-verify-pack} ignoring (usually) harmless EPERM on setxattr "user.rootlesscontainers"
2026/10/02 12:43:27  warn rootless{opt/conda/libexec/git-core/git-verify-tag} ignoring (usually) harmless EPERM on setxattr "user.rootlesscontainers"
2026/10/02 12:43:27  warn rootless{opt/conda/libexec/git-core/git-version} ignoring (usually) harmless EPERM on setxattr "user.rootlesscontainers"
2026/10/02 12:43:27  warn rootless{opt/conda/libexec/git-core/git-whatchanged} ignoring (usually) harmless EPERM on setxattr "user.rootlesscontainers"
2026/10/02 12:43:27  warn rootless{opt/conda/libexec/git-core/git-worktree} ignoring (usually) harmless EPERM on setxattr "user.rootlesscontainers"
2026/10/02 12:43:27  warn rootless{opt/conda/libexec/git-core/git-write-tree} ignoring (usually) harmless EPERM on setxattr "user.rootlesscontainers"
2026/10/02 12:43:38  warn rootless{opt/conda/man/man1/jar.1} ignoring (usually) harmless EPERM on setxattr "user.rootlesscontainers"
2026/10/02 12:43:38  warn rootless{opt/conda/man/man1/jarsigner.1} ignoring (usually) harmless EPERM on setxattr "user.rootlesscontainers"
2026/10/02 12:43:38  warn rootless{opt/conda/man/man1/java.1} ignoring (usually) harmless EPERM on setxattr "user.rootlesscontainers"
2026/10/02 12:43:38  warn rootless{opt/conda/man/man1/javac.1} ignoring (usually) harmless EPERM on setxattr "user.rootlesscontainers"
2026/10/02 12:43:38  warn rootless{opt/conda/man/man1/javadoc.1} ignoring (usually) harmless EPERM on setxattr "user.rootlesscontainers"
2026/10/02 12:43:38  warn rootless{opt/conda/man/man1/javap.1} ignoring (usually) harmless EPERM on setxattr "user.rootlesscontainers"
2026/10/02 12:43:38  warn rootless{opt/conda/man/man1/jcmd.1} ignoring (usually) harmless EPERM on setxattr "user.rootlesscontainers"
2026/10/02 12:43:38  warn rootless{opt/conda/man/man1/jconsole.1} ignoring (usually) harmless EPERM on setxattr "user.rootlesscontainers"
2026/10/02 12:43:38  warn rootless{opt/conda/man/man1/jdb.1} ignoring (usually) harmless EPERM on setxattr "user.rootlesscontainers"
2026/10/02 12:43:39  warn rootless{opt/conda/man/man1/jdeprscan.1} ignoring (usually) harmless EPERM on setxattr "user.rootlesscontainers"
2026/10/02 12:43:39  warn rootless{opt/conda/man/man1/jdeps.1} ignoring (usually) harmless EPERM on setxattr "user.rootlesscontainers"
2026/10/02 12:43:39  warn rootless{opt/conda/man/man1/jfr.1} ignoring (usually) harmless EPERM on setxattr "user.rootlesscontainers"
2026/10/02 12:43:39  warn rootless{opt/conda/man/man1/jhsdb.1} ignoring (usually) harmless EPERM on setxattr "user.rootlesscontainers"
2026/10/02 12:43:39  warn rootless{opt/conda/man/man1/jinfo.1} ignoring (usually) harmless EPERM on setxattr "user.rootlesscontainers"
2026/10/02 12:43:39  warn rootless{opt/conda/man/man1/jlink.1} ignoring (usually) harmless EPERM on setxattr "user.rootlesscontainers"
2026/10/02 12:43:39  warn rootless{opt/conda/man/man1/jmap.1} ignoring (usually) harmless EPERM on setxattr "user.rootlesscontainers"
2026/10/02 12:43:39  warn rootless{opt/conda/man/man1/jmod.1} ignoring (usually) harmless EPERM on setxattr "user.rootlesscontainers"
2026/10/02 12:43:39  warn rootless{opt/conda/man/man1/jpackage.1} ignoring (usually) harmless EPERM on setxattr "user.rootlesscontainers"
2026/10/02 12:43:39  warn rootless{opt/conda/man/man1/jps.1} ignoring (usually) harmless EPERM on setxattr "user.rootlesscontainers"
2026/10/02 12:43:39  warn rootless{opt/conda/man/man1/jrunscript.1} ignoring (usually) harmless EPERM on setxattr "user.rootlesscontainers"
2026/10/02 12:43:39  warn rootless{opt/conda/man/man1/jshell.1} ignoring (usually) harmless EPERM on setxattr "user.rootlesscontainers"
2026/10/02 12:43:39  warn rootless{opt/conda/man/man1/jstack.1} ignoring (usually) harmless EPERM on setxattr "user.rootlesscontainers"
2026/10/02 12:43:39  warn rootless{opt/conda/man/man1/jstat.1} ignoring (usually) harmless EPERM on setxattr "user.rootlesscontainers"
2026/10/02 12:43:39  warn rootless{opt/conda/man/man1/jstatd.1} ignoring (usually) harmless EPERM on setxattr "user.rootlesscontainers"
2026/10/02 12:43:39  warn rootless{opt/conda/man/man1/jwebserver.1} ignoring (usually) harmless EPERM on setxattr "user.rootlesscontainers"
2026/10/02 12:43:39  warn rootless{opt/conda/man/man1/keytool.1} ignoring (usually) harmless EPERM on setxattr "user.rootlesscontainers"
2026/10/02 12:43:39  warn rootless{opt/conda/man/man1/rmiregistry.1} ignoring (usually) harmless EPERM on setxattr "user.rootlesscontainers"
2026/10/02 12:43:39  warn rootless{opt/conda/man/man1/serialver.1} ignoring (usually) harmless EPERM on setxattr "user.rootlesscontainers"
2026/10/02 12:44:01  warn rootless{opt/conda/pkgs/_openmp_mutex-4.5-20_gnu/lib/libgomp.so.1} ignoring (usually) harmless EPERM on setxattr "user.rootlesscontainers"
2026/10/02 12:44:12  info verified reader: 526739072 bytes of trailing data discarded from vrdr[/scratch/roy.suc/apptainer-tmp/10760568/bundle-temp-2081840453/blobs/sha256/c5721cfc1b05110acde0c172e1279b9c499f71f4812f250a41ec85cf43cb764b]
